dt,rain15,rain60
4/8/2014 0:05,NA,0.04
4/8/2014 3:35,0.01,NA
4/8/2014 4:05,NA,0.01
4/14/2014 22:50,0.03,NA
4/14/2014 23:05,NA,0.03
4/15/2014 3:05,0.03,0.08
4/15/2014 3:20,0.04,NA
4/15/2014 3:35,0.02,NA
4/15/2014 3:50,0.26,NA
4/15/2014 4:05,0.13,0.49
4/15/2014 4:20,0.08,NA
4/15/2014 4:35,0.02,NA
4/15/2014 4:50,0.01,NA
4/15/2014 5:05,NA,0.03
4/15/2014 5:20,0.01,NA
4/15/2014 15:05,0.07,0.2
4/15/2014 15:20,0.13,NA
4/15/2014 15:35,0.01,NA
4/15/2014 15:50,0.03,NA
4/15/2014 16:05,0.02,0.08
4/15/2014 16:20,0.02,NA
4/15/2014 16:35,0.01,NA
4/15/2014 16:50,0.01,NA
4/15/2014 17:05,NA,0.02
4/18/2014 18:05,0.01,0.03
4/18/2014 18:20,0.01,NA
4/18/2014 18:35,0.02,NA
4/18/2014 18:50,0.02,NA
4/18/2014 19:05,0.02,0.09
4/18/2014 19:20,0.03,NA
4/18/2014 19:35,0.03,NA
4/18/2014 19:50,0.05,NA
4/18/2014 20:05,0.04,0.16
4/18/2014 20:20,0.04,NA
4/18/2014 20:35,0.04,NA
4/18/2014 20:50,0.04,NA
4/18/2014 21:05,0.03,0.15
4/18/2014 21:20,0.04,NA
4/18/2014 21:35,0.03,NA
4/18/2014 21:50,0.04,NA
4/18/2014 22:05,0.04,0.15
4/18/2014 22:20,0.04,NA
4/18/2014 22:35,0.03,NA
4/18/2014 22:50,0.01,NA
4/18/2014 23:05,0.01,0.05
4/18/2014 23:35,0.01,NA
4/18/2014 23:50,0.01,NA
4/19/2014 0:05,0.01,0.04
4/19/2014 0:20,0.01,NA
4/19/2014 0:35,0.02,NA
4/19/2014 0:50,0.01,NA
4/19/2014 1:05,0.02,0.07
4/19/2014 1:20,0.02,NA
4/19/2014 1:35,0.03,NA
4/19/2014 1:50,0.02,NA
4/19/2014 2:05,0.02,0.1
4/19/2014 2:20,0.04,NA
4/19/2014 2:35,0.02,NA
4/19/2014 2:50,0.04,NA
4/19/2014 3:05,0.03,0.14
4/19/2014 3:20,0.03,NA
4/19/2014 3:35,0.04,NA
4/19/2014 3:50,0.03,NA
4/19/2014 4:05,0.03,0.11
4/19/2014 4:20,0.02,NA
4/19/2014 4:35,0.04,NA
4/19/2014 4:50,0.05,NA
4/19/2014 5:05,0.03,0.16
4/19/2014 5:20,0.03,NA
4/19/2014 5:35,0.03,NA
4/19/2014 5:50,0.02,NA
4/19/2014 6:05,0.03,0.08
4/19/2014 6:20,0.01,NA
4/19/2014 6:35,0.03,NA
4/19/2014 6:50,0.02,NA
4/19/2014 7:05,0.02,0.08
4/19/2014 7:20,0.01,NA
4/19/2014 7:35,0.02,NA
4/19/2014 7:50,0.01,NA
4/19/2014 8:05,0.01,0.06
4/19/2014 8:20,0.02,NA
4/19/2014 8:35,0.02,NA
4/19/2014 8:50,0.01,NA
4/19/2014 9:05,0.01,0.04
4/19/2014 9:20,0.01,NA
4/19/2014 9:35,0.01,NA
4/19/2014 9:50,0.02,NA
4/19/2014 10:05,0.01,0.05
4/19/2014 10:20,0.01,NA
4/19/2014 10:35,0.01,NA
4/19/2014 10:50,0.01,NA
4/19/2014 11:05,0.01,0.05
4/19/2014 11:20,0.01,NA
4/19/2014 11:35,0.01,NA
4/19/2014 11:50,0.02,NA
4/19/2014 12:05,0.01,0.06
4/19/2014 12:20,0.02,NA
4/19/2014 12:35,0.02,NA
4/19/2014 12:50,0.01,NA
4/19/2014 13:05,0.03,0.06
4/19/2014 13:20,0.01,NA
4/19/2014 13:35,0.01,NA
4/19/2014 13:50,0.01,NA
4/19/2014 14:05,0.01,0.05
4/19/2014 14:20,0.02,NA
4/19/2014 14:50,0.02,NA
4/19/2014 15:05,0.01,0.06
4/19/2014 15:20,0.02,NA
4/19/2014 15:35,0.01,NA
4/19/2014 15:50,0.04,NA
4/19/2014 16:05,0.05,0.11
4/19/2014 16:20,0.02,NA
4/19/2014 16:50,0.04,NA
4/19/2014 17:05,0.07,0.16
4/19/2014 17:20,0.03,NA
4/19/2014 17:35,0.04,NA
4/19/2014 17:50,0.05,NA
4/19/2014 18:05,0.03,0.16
4/19/2014 18:20,0.05,NA
4/19/2014 18:35,0.06,NA
4/19/2014 18:50,0.03,NA
4/19/2014 19:05,0.03,0.14
4/19/2014 19:20,0.03,NA
4/19/2014 19:35,0.01,NA
4/19/2014 19:50,0.02,NA
4/19/2014 20:05,0.03,0.1
4/19/2014 20:20,0.03,NA
4/19/2014 20:35,0.05,NA
4/19/2014 20:50,0.03,NA
4/19/2014 21:05,0.03,0.12
4/19/2014 21:20,0.02,NA
4/19/2014 21:35,0.01,NA
4/19/2014 22:05,0.01,0.05
4/19/2014 22:20,0.03,NA
4/19/2014 22:35,0.02,NA
4/19/2014 22:50,0.02,NA
4/19/2014 23:05,0.03,0.1
4/19/2014 23:20,0.02,NA
4/19/2014 23:35,0.04,NA
4/19/2014 23:50,0.03,NA
4/20/2014 0:05,0.01,0.09
4/20/2014 0:20,0.01,NA
4/20/2014 0:35,0.01,NA
4/20/2014 0:50,0.02,NA
4/20/2014 1:05,0.01,0.03
4/20/2014 2:05,0.01,0.01
4/20/2014 2:35,0.01,NA
4/20/2014 3:05,NA,0.01
4/30/2014 3:05,0.05,0.13
4/30/2014 3:20,0.08,NA
4/30/2014 3:35,0.03,NA
4/30/2014 3:50,0.23,NA
4/30/2014 4:05,NA,0.26
4/30/2014 6:05,NA,0.01
4/30/2014 6:20,0.01,NA
5/9/2014 17:50,0.04,NA
5/9/2014 18:05,0.12,0.16
5/10/2014 14:05,NA,0.02
5/10/2014 14:35,0.24,NA
5/10/2014 15:05,0.01,0.24
5/10/2014 15:20,0.01,NA
5/10/2014 16:05,0.23,0.25
5/10/2014 16:20,0.02,NA
5/10/2014 16:35,0.03,NA
5/10/2014 16:50,0.06,NA
5/10/2014 17:05,0.02,0.14
5/10/2014 17:20,0.02,NA
5/10/2014 17:35,0.01,NA
5/10/2014 19:05,NA,0.01
5/10/2014 19:20,0.01,NA
5/10/2014 19:35,0.1,NA
5/10/2014 19:50,0.01,NA
5/10/2014 20:05,NA,0.11
5/11/2014 4:05,0.01,0.01
5/15/2014 6:50,0.01,NA
5/15/2014 7:05,0.27,0.38
5/15/2014 7:20,0.09,NA
5/15/2014 7:35,0.03,NA
5/15/2014 7:50,0.05,NA
5/15/2014 8:05,0.09,0.24
5/15/2014 8:20,0.06,NA
5/15/2014 8:35,0.06,NA
5/15/2014 8:50,0.08,NA
5/15/2014 9:05,0.07,0.24
5/15/2014 9:20,0.03,NA
5/15/2014 9:35,0.04,NA
5/15/2014 9:50,0.03,NA
5/15/2014 10:05,0.01,0.08
5/15/2014 10:20,0.01,NA
5/15/2014 10:35,0.03,NA
5/15/2014 10:50,0.02,NA
5/15/2014 11:05,0.02,0.07
5/15/2014 11:20,0.01,NA
5/15/2014 12:05,0.01,0.01
5/15/2014 15:05,NA,0.03
5/15/2014 15:20,0.03,NA
5/15/2014 15:50,0.08,NA
5/15/2014 16:05,0.04,0.18
5/15/2014 16:20,0.04,NA
5/15/2014 16:35,0.06,NA
5/15/2014 16:50,0.05,NA
5/15/2014 17:05,0.08,0.23
5/15/2014 17:20,0.05,NA
5/15/2014 17:35,0.02,NA
5/15/2014 17:50,0.01,NA
5/15/2014 18:05,0.02,0.06
5/15/2014 18:20,0.02,NA
5/15/2014 18:35,0.02,NA
5/15/2014 18:50,0.02,NA
5/15/2014 19:05,0.01,0.05
5/15/2014 20:05,0.02,0.02
5/15/2014 21:05,0.01,0.02
5/15/2014 21:20,0.01,NA
5/15/2014 21:35,0.01,NA
5/15/2014 22:05,NA,0.01
5/15/2014 22:35,0.01,NA
5/15/2014 23:05,NA,0.01
5/29/2014 17:50,0.06,NA
5/29/2014 18:05,NA,0.06
5/29/2014 19:35,0.01,NA
5/29/2014 19:50,0.01,NA
5/29/2014 20:05,0.03,0.06
5/29/2014 20:20,0.01,NA
5/29/2014 20:35,0.02,NA
5/29/2014 20:50,0.04,NA
5/29/2014 21:05,0.1,0.25
5/29/2014 21:20,0.07,NA
5/29/2014 21:35,0.09,NA
5/29/2014 21:50,0.08,NA
5/29/2014 22:05,0.05,0.25
5/29/2014 22:20,0.04,NA
5/29/2014 22:35,0.02,NA
5/29/2014 22:50,0.01,NA
5/29/2014 23:05,0.01,0.04
5/29/2014 23:20,0.01,NA
5/29/2014 23:35,0.01,NA
5/30/2014 0:05,NA,0.01
5/31/2014 4:05,NA,0.01
5/31/2014 4:20,0.01,NA
5/31/2014 6:05,0.03,0.1
5/31/2014 6:20,0.07,NA
6/8/2014 12:50,0.09,NA
6/8/2014 13:05,0.07,0.21
6/8/2014 13:20,0.04,NA
6/8/2014 13:35,0.04,NA
6/8/2014 13:50,0.18,NA
6/8/2014 14:05,0.11,0.32
6/9/2014 19:05,NA,0.18
6/9/2014 19:20,0.18,NA
6/11/2014 17:50,0.02,NA
6/11/2014 18:05,0.05,0.19
6/11/2014 18:20,0.11,NA
6/11/2014 18:35,0.01,NA
6/11/2014 18:50,0.03,NA
6/11/2014 19:05,0.03,0.09
6/11/2014 19:20,0.03,NA
6/11/2014 19:50,0.02,NA
6/11/2014 20:05,0.01,0.05
6/11/2014 20:20,0.02,NA
6/11/2014 20:35,0.02,NA
6/11/2014 20:50,0.01,NA
6/11/2014 21:05,NA,0.03
6/11/2014 22:50,0.01,NA
6/11/2014 23:05,NA,0.01
6/12/2014 16:50,0.11,NA
6/12/2014 17:05,0.2,0.4
6/12/2014 17:20,0.06,NA
6/12/2014 17:35,0.03,NA
6/12/2014 17:50,0.01,NA
6/12/2014 18:05,NA,0.01
6/13/2014 20:35,0.41,NA
6/13/2014 20:50,0.48,NA
6/13/2014 21:05,0.02,0.93
6/13/2014 21:20,0.01,NA
6/13/2014 21:35,0.03,NA
6/13/2014 21:50,0.01,NA
6/13/2014 22:05,NA,0.03
6/21/2014 15:05,NA,0.01
6/21/2014 15:20,0.01,NA
6/24/2014 13:50,0.01,NA
6/24/2014 14:05,NA,0.01
6/25/2014 16:05,NA,0.03
6/25/2014 16:20,0.02,NA
6/25/2014 16:35,0.01,NA
6/27/2014 18:35,0.6,NA
6/27/2014 18:50,0.51,NA
6/27/2014 19:05,0.07,1.32
6/27/2014 19:20,0.12,NA
6/27/2014 19:35,0.04,NA
6/27/2014 19:50,0.03,NA
6/27/2014 20:05,0.01,0.1
6/27/2014 20:20,0.03,NA
6/27/2014 20:35,0.02,NA
6/27/2014 20:50,0.03,NA
6/27/2014 21:05,0.04,0.41
6/27/2014 21:20,0.1,NA
6/27/2014 21:35,0.36,NA
6/27/2014 21:50,0.06,NA
6/27/2014 22:05,0.02,0.22
6/27/2014 22:20,0.01,NA
6/28/2014 10:05,NA,0.01
6/28/2014 10:20,0.01,NA
6/28/2014 18:05,NA,0.01
6/28/2014 18:35,0.03,NA
6/28/2014 19:05,0.01,0.04
6/28/2014 19:20,0.01,NA
6/30/2014 11:35,0.02,NA
6/30/2014 12:05,NA,0.02
7/3/2014 19:05,0.01,0.07
7/3/2014 19:20,0.03,NA
7/3/2014 19:35,0.18,NA
7/3/2014 19:50,0.17,NA
7/3/2014 20:05,0.06,0.4
7/3/2014 20:20,0.02,NA
7/3/2014 20:50,0.01,NA
7/3/2014 21:05,0.01,0.04
7/3/2014 21:20,0.02,NA
7/3/2014 21:35,0.01,NA
7/3/2014 21:50,0.01,NA
7/3/2014 22:05,NA,0.02
7/9/2014 16:05,0.04,0.09
7/9/2014 16:20,0.05,NA
7/9/2014 16:35,0.02,NA
7/9/2014 17:05,NA,0.02
7/9/2014 17:50,0.01,NA
7/9/2014 18:05,0.01,0.03
7/9/2014 18:20,0.01,NA
7/15/2014 16:05,NA,0.06
7/15/2014 16:35,0.18,NA
7/15/2014 17:05,NA,0.12
7/15/2014 18:05,NA,0.02
7/15/2014 18:20,0.02,NA
7/15/2014 18:35,0.01,NA
7/15/2014 19:05,NA,0.01
7/15/2014 20:05,0.01,0.02
7/15/2014 20:20,0.01,NA
7/15/2014 20:50,0.01,NA
7/15/2014 21:05,NA,0.01
7/15/2014 21:35,0.01,NA
7/15/2014 21:50,0.03,NA
7/15/2014 22:05,0.01,0.08
7/15/2014 22:20,0.02,NA
7/15/2014 22:35,0.04,NA
7/15/2014 22:50,0.06,NA
7/15/2014 23:05,0.05,0.24
7/15/2014 23:20,0.08,NA
7/15/2014 23:35,0.05,NA
7/15/2014 23:50,0.05,NA
7/16/2014 0:05,0.03,0.12
7/16/2014 0:20,0.01,NA
7/19/2014 4:35,0.01,NA
7/19/2014 5:05,NA,0.02
7/19/2014 5:20,0.01,NA
7/19/2014 5:35,0.01,NA
7/19/2014 6:05,0.01,0.02
7/19/2014 6:50,0.01,NA
7/19/2014 7:05,NA,0.02
7/19/2014 7:35,0.01,NA
7/19/2014 9:50,0.01,NA
7/19/2014 10:05,NA,0.01
7/19/2014 12:35,0.01,NA
7/19/2014 12:50,0.01,NA
7/19/2014 13:05,NA,0.02
7/19/2014 16:05,NA,0.01
7/19/2014 16:20,0.01,NA
7/19/2014 16:50,0.02,NA
7/19/2014 17:05,0.03,0.06
7/19/2014 17:20,0.01,NA
7/21/2014 1:05,NA,0.01
7/21/2014 1:20,0.01,NA
7/21/2014 9:05,NA,0.01
7/21/2014 9:20,0.01,NA
7/21/2014 10:05,NA,0.3
7/21/2014 10:20,0.27,NA
7/21/2014 10:35,0.05,NA
7/21/2014 10:50,0.02,NA
7/21/2014 11:05,0.05,0.11
7/21/2014 11:20,0.02,NA
7/21/2014 11:50,0.34,NA
7/21/2014 12:05,0.1,0.5
7/21/2014 12:20,0.05,NA
7/21/2014 12:35,0.03,NA
7/21/2014 13:05,0.01,0.09
7/21/2014 13:20,0.04,NA
7/21/2014 13:35,0.05,NA
7/21/2014 13:50,0.04,NA
7/21/2014 14:05,0.01,0.08
7/22/2014 17:50,0.03,NA
7/22/2014 18:05,NA,0.03
7/22/2014 18:35,0.04,NA
7/22/2014 18:50,0.24,NA
7/22/2014 19:05,NA,0.28
7/23/2014 3:50,0.01,NA
7/23/2014 4:05,NA,0.01
7/24/2014 18:05,0.01,0.01
7/27/2014 8:05,NA,0.12
7/27/2014 8:20,0.07,NA
7/27/2014 8:35,0.06,NA
7/27/2014 9:05,NA,0.01
7/27/2014 23:05,NA,0.01
7/27/2014 23:20,0.01,NA
7/28/2014 3:50,0.01,NA
7/28/2014 4:05,NA,0.01
7/31/2014 20:05,0.01,0.07
7/31/2014 20:20,0.05,NA
7/31/2014 20:35,0.03,NA
7/31/2014 20:50,0.03,NA
7/31/2014 21:05,0.03,0.1
7/31/2014 21:20,0.01,NA
7/31/2014 21:35,0.02,NA
7/31/2014 22:05,NA,0.01
7/31/2014 22:35,0.01,NA
7/31/2014 22:50,0.01,NA
7/31/2014 23:05,NA,0.02
8/1/2014 1:05,NA,0.01
8/1/2014 1:20,0.01,NA
8/1/2014 1:35,0.01,NA
8/1/2014 1:50,0.09,NA
8/1/2014 2:05,0.14,0.33
8/1/2014 2:20,0.09,NA
8/1/2014 4:05,NA,0.12
8/1/2014 4:20,0.03,NA
8/1/2014 4:35,0.1,NA
8/1/2014 5:05,NA,0.02
8/1/2014 5:35,0.01,NA
8/1/2014 7:05,NA,0.01
8/1/2014 7:35,0.01,NA
8/1/2014 8:05,NA,0.24
8/1/2014 8:20,0.11,NA
8/1/2014 8:35,0.3,NA
8/1/2014 8:50,0.1,NA
8/1/2014 9:05,0.07,0.47
8/1/2014 9:20,0.08,NA
8/1/2014 9:35,0.1,NA
8/1/2014 9:50,0.13,NA
8/1/2014 10:05,0.03,0.23
8/1/2014 10:20,0.02,NA
8/1/2014 18:05,NA,0.01
8/1/2014 18:20,0.01,NA
8/6/2014 3:05,0.14,0.35
8/6/2014 3:20,0.21,NA
8/6/2014 3:35,0.01,NA
8/6/2014 4:05,NA,0.01
8/11/2014 7:05,0.02,0.03
8/11/2014 7:20,0.01,NA
8/11/2014 7:35,0.01,NA
8/11/2014 7:50,0.01,NA
8/11/2014 8:05,0.01,0.03
8/11/2014 8:50,0.01,NA
8/11/2014 9:05,NA,0.01
8/11/2014 10:50,0.01,NA
8/11/2014 11:05,NA,0.02
8/11/2014 11:20,0.01,NA
8/11/2014 11:35,0.01,NA
8/11/2014 12:05,NA,0.01
8/12/2014 17:05,0.09,0.09
8/12/2014 19:50,0.01,NA
8/12/2014 20:05,NA,0.01
8/19/2014 15:50,0.16,NA
8/19/2014 16:05,0.09,0.25
8/19/2014 16:35,0.01,NA
8/19/2014 17:05,NA,0.01
8/22/2014 16:50,0.03,NA
8/22/2014 17:05,NA,0.03
8/22/2014 23:50,0.01,NA
8/23/2014 0:05,0.01,0.02
8/24/2014 0:50,0.01,NA
8/24/2014 1:05,0.02,0.04
8/24/2014 1:20,0.01,NA
9/3/2014 18:05,NA,0.01
9/3/2014 18:35,0.02,NA
9/3/2014 18:50,0.51,NA
9/3/2014 19:05,0.43,1.05
9/3/2014 19:20,0.1,NA
9/3/2014 19:35,0.01,NA
9/3/2014 19:50,0.03,NA
9/3/2014 20:05,0.01,0.06
9/3/2014 20:35,0.01,NA
9/3/2014 20:50,0.02,NA
9/3/2014 21:05,0.02,0.09
9/3/2014 21:20,0.04,NA
9/3/2014 21:35,0.02,NA
9/3/2014 22:05,NA,0.01
9/3/2014 23:05,0.01,0.01
9/4/2014 0:35,0.01,NA
9/4/2014 0:50,0.01,NA
9/4/2014 1:05,0.02,0.07
9/4/2014 1:20,0.03,NA
9/4/2014 1:50,0.01,NA
9/4/2014 2:05,0.01,0.03
9/4/2014 2:20,0.01,NA
9/4/2014 3:05,NA,0.01
9/4/2014 3:35,0.01,NA
9/4/2014 13:05,0.03,0.04
9/4/2014 13:20,0.01,NA
9/4/2014 14:05,NA,0.09
9/4/2014 14:20,0.07,NA
9/4/2014 14:35,0.16,NA
9/4/2014 14:50,0.42,NA
9/4/2014 15:05,0.6,1.23
9/4/2014 15:20,0.06,NA
9/4/2014 15:35,0.02,NA
9/4/2014 16:05,NA,0.01
9/7/2014 18:35,0.01,NA
9/7/2014 18:50,0.01,NA
9/7/2014 19:05,NA,0.02
9/7/2014 23:05,0.01,0.01
9/11/2014 18:50,0.02,NA
9/11/2014 19:05,0.02,0.05
9/11/2014 19:20,0.01,NA
9/11/2014 19:35,0.01,NA
9/11/2014 20:05,0.01,0.02
9/12/2014 21:35,0.01,NA
9/12/2014 22:05,NA,0.01
9/13/2014 2:05,NA,0.03
9/13/2014 2:20,0.03,NA
9/13/2014 2:50,0.07,NA
9/13/2014 3:05,0.03,0.1
9/13/2014 5:05,0.02,0.11
9/13/2014 5:20,0.08,NA
9/13/2014 5:35,0.02,NA
9/13/2014 6:05,0.03,0.04
9/13/2014 6:50,0.01,NA
9/13/2014 7:05,NA,0.01
9/14/2014 23:05,NA,0.01
9/14/2014 23:20,0.01,NA
9/15/2014 22:05,NA,0.01
9/15/2014 22:35,0.02,NA
9/15/2014 22:50,0.01,NA
9/15/2014 23:05,NA,0.02
9/16/2014 10:35,0.01,NA
9/16/2014 11:05,NA,0.01
9/16/2014 21:05,0.09,0.66
9/16/2014 21:20,0.55,NA
9/16/2014 21:35,0.03,NA
9/16/2014 21:50,0.11,NA
9/16/2014 22:05,0.03,0.17
9/16/2014 22:20,0.02,NA
9/17/2014 2:50,0.01,NA
9/17/2014 3:05,NA,0.01
9/19/2014 0:05,NA,0.01
9/19/2014 0:35,0.03,NA
9/19/2014 0:50,0.09,NA
9/19/2014 1:05,0.56,1.09
9/19/2014 1:20,0.38,NA
9/19/2014 1:35,0.05,NA
9/19/2014 1:50,0.01,NA
9/19/2014 2:05,NA,0.02
9/19/2014 3:05,0.05,0.14
9/19/2014 3:20,0.08,NA
9/19/2014 3:35,0.08,NA
9/19/2014 3:50,0.03,NA
9/19/2014 4:05,0.01,0.13
9/19/2014 4:20,0.01,NA
9/19/2014 4:35,0.02,NA
9/19/2014 4:50,0.01,NA
9/19/2014 5:05,NA,0.02
9/23/2014 12:05,0.01,0.02
9/23/2014 12:20,0.01,NA
9/23/2014 16:05,NA,0.01
9/23/2014 16:20,0.01,NA
9/23/2014 18:50,0.01,NA
9/23/2014 19:05,NA,0.01
9/24/2014 6:05,NA,0.02
9/24/2014 6:20,0.02,NA
9/24/2014 6:35,0.03,NA
9/24/2014 6:50,0.05,NA
9/24/2014 7:05,0.02,0.1
9/24/2014 8:05,0.01,0.01
9/24/2014 8:35,0.02,NA
9/24/2014 8:50,0.02,NA
9/24/2014 9:05,0.01,0.07
9/24/2014 9:20,0.02,NA
9/24/2014 9:50,0.02,NA
9/24/2014 10:05,0.01,0.03
9/24/2014 10:35,0.01,NA
9/24/2014 11:05,0.01,0.03
9/24/2014 11:20,0.01,NA
9/24/2014 11:35,0.03,NA
9/24/2014 11:50,0.01,NA
9/24/2014 12:05,NA,0.04
9/24/2014 13:05,NA,0.01
9/24/2014 13:20,0.01,NA
9/24/2014 20:50,0.01,NA
9/24/2014 21:05,NA,0.01
9/25/2014 2:05,NA,0.01
9/25/2014 2:35,0.01,NA
9/29/2014 10:05,0.02,0.03
9/29/2014 10:20,0.01,NA
9/29/2014 11:05,0.01,0.02
9/29/2014 11:20,0.01,NA
9/29/2014 11:50,0.02,NA
9/29/2014 12:05,0.01,0.05
9/29/2014 12:20,0.02,NA
9/29/2014 13:05,0.01,0.01
9/29/2014 13:35,0.01,NA
9/29/2014 13:50,0.01,NA
9/29/2014 14:05,NA,0.02
9/30/2014 7:35,0.01,NA
9/30/2014 8:05,NA,0.01
10/3/2014 14:05,NA,0.05
10/3/2014 14:20,0.03,NA
10/3/2014 14:35,0.02,NA
10/11/2014 16:05,NA,0.03
10/11/2014 16:20,0.03,NA
10/11/2014 17:05,0.02,0.07
10/11/2014 17:20,0.05,NA
10/12/2014 10:05,0.01,0.04
10/12/2014 10:20,0.02,NA
10/12/2014 10:35,0.05,NA
10/12/2014 10:50,0.02,NA
10/12/2014 11:05,NA,0.06
10/12/2014 22:05,0.01,0.01
10/13/2014 2:50,0.01,NA
10/13/2014 3:05,NA,0.01
10/14/2014 4:35,0.01,NA
10/14/2014 4:50,0.05,NA
10/14/2014 5:05,0.04,0.1
10/14/2014 16:50,0.02,NA
10/14/2014 17:05,0.03,0.08
10/14/2014 17:20,0.01,NA
10/14/2014 17:35,0.02,NA
10/14/2014 19:50,0.01,NA
10/14/2014 20:05,NA,0.01
10/14/2014 23:35,0.02,NA
10/14/2014 23:50,0.08,NA
10/15/2014 0:05,0.02,0.15
10/15/2014 0:20,0.03,NA
10/15/2014 2:05,0.01,0.06
10/15/2014 2:20,0.04,NA
10/15/2014 2:35,0.02,NA
10/15/2014 2:50,0.03,NA
10/15/2014 3:05,0.04,0.11
10/15/2014 3:20,0.02,NA
10/15/2014 3:35,0.03,NA
10/15/2014 3:50,0.01,NA
10/15/2014 4:05,0.01,0.06
10/15/2014 4:20,0.01,NA
10/15/2014 4:35,0.01,NA
10/15/2014 4:50,0.02,NA
10/15/2014 5:05,NA,0.04
10/15/2014 5:20,0.02,NA
10/15/2014 5:35,0.01,NA
10/15/2014 5:50,0.02,NA
10/15/2014 6:05,0.01,0.04
10/31/2014 20:35,0.01,NA
10/31/2014 20:50,0.19,NA
10/31/2014 21:05,0.05,0.33
10/31/2014 21:20,0.07,NA
10/31/2014 21:35,0.02,NA
10/31/2014 21:50,0.02,NA
10/31/2014 22:05,0.04,0.07
11/1/2014 1:05,0.01,0.02
11/1/2014 1:20,0.01,NA
11/1/2014 1:35,0.01,NA
11/1/2014 2:05,NA,0.02
11/1/2014 2:20,0.01,NA
11/1/2014 6:05,NA,0.01
11/1/2014 6:20,0.01,NA
11/1/2014 6:50,0.01,NA
11/1/2014 7:05,NA,0.05
11/1/2014 7:20,0.03,NA
11/1/2014 7:35,0.03,NA
11/1/2014 7:50,0.01,NA
11/1/2014 8:05,0.02,0.07
11/1/2014 8:20,0.02,NA
11/1/2014 8:35,0.02,NA
11/1/2014 8:50,0.01,NA
11/1/2014 9:05,0.01,0.07
11/1/2014 9:20,0.02,NA
11/1/2014 9:35,0.03,NA
11/1/2014 9:50,0.01,NA
11/1/2014 10:05,0.02,0.06
11/1/2014 10:20,0.01,NA
11/1/2014 10:35,0.01,NA
11/1/2014 10:50,0.01,NA
11/1/2014 11:05,0.01,0.04
11/1/2014 11:20,0.01,NA
11/1/2014 12:05,0.01,0.01
11/1/2014 12:50,0.01,NA
11/1/2014 13:05,NA,0.01
11/17/2014 2:50,0.03,NA
11/17/2014 3:05,0.01,0.07
11/17/2014 3:20,0.02,NA
11/17/2014 3:35,0.01,NA
11/17/2014 4:05,0.01,0.01
11/17/2014 5:05,NA,0.01
11/17/2014 5:20,0.01,NA
11/17/2014 6:50,0.01,NA
11/17/2014 7:05,NA,0.01
11/17/2014 7:50,0.06,NA
11/17/2014 8:05,0.01,0.07
11/17/2014 9:35,0.05,NA
11/17/2014 9:50,0.16,NA
11/17/2014 10:05,0.08,0.33
11/17/2014 10:20,0.03,NA
11/17/2014 10:35,0.03,NA
11/17/2014 10:50,0.02,NA
11/17/2014 11:05,0.05,0.26
11/17/2014 11:20,0.16,NA
11/17/2014 11:35,0.03,NA
11/17/2014 11:50,0.03,NA
11/17/2014 12:05,0.05,0.19
11/17/2014 12:20,0.08,NA
11/17/2014 12:35,0.03,NA
11/17/2014 13:05,NA,0.02
11/23/2014 5:05,0.01,0.02
11/23/2014 5:20,0.01,NA
11/23/2014 5:35,0.01,NA
11/23/2014 5:50,0.02,NA
11/23/2014 6:05,0.02,0.08
11/23/2014 6:20,0.03,NA
11/23/2014 6:35,0.02,NA
11/23/2014 6:50,0.02,NA
11/23/2014 7:05,0.01,0.07
11/23/2014 7:20,0.02,NA
11/23/2014 7:35,0.01,NA
11/23/2014 7:50,0.02,NA
11/23/2014 8:05,NA,0.04
11/23/2014 8:20,0.01,NA
11/23/2014 10:05,NA,0.01
11/23/2014 10:35,0.01,NA
11/23/2014 11:05,0.01,0.01
11/23/2014 12:05,0.02,0.03
11/23/2014 12:35,0.01,NA
11/23/2014 12:50,0.01,NA
11/23/2014 13:05,0.01,0.06
11/23/2014 13:20,0.02,NA
11/23/2014 13:35,0.04,NA
11/23/2014 13:50,0.02,NA
11/23/2014 14:05,0.03,0.09
11/23/2014 14:20,0.02,NA
11/23/2014 14:35,0.02,NA
11/23/2014 14:50,0.02,NA
11/23/2014 15:05,0.06,0.15
11/23/2014 15:20,0.04,NA
11/23/2014 15:35,0.03,NA
11/23/2014 15:50,0.02,NA
11/23/2014 16:05,0.03,0.1
11/23/2014 16:20,0.02,NA
11/23/2014 16:35,0.01,NA
11/23/2014 16:50,0.01,NA
11/23/2014 17:05,NA,0.03
11/23/2014 17:20,0.01,NA
11/23/2014 17:35,0.03,NA
11/23/2014 17:50,0.01,NA
11/23/2014 18:05,0.02,0.15
11/23/2014 18:20,0.08,NA
11/23/2014 18:35,0.03,NA
11/23/2014 18:50,0.13,NA
11/23/2014 19:05,0.17,0.32
11/23/2014 19:20,0.01,NA
11/23/2014 19:50,0.01,NA
11/23/2014 20:05,0.02,0.19
11/23/2014 20:20,0.13,NA
11/23/2014 20:35,0.16,NA
11/23/2014 20:50,0.04,NA
11/23/2014 21:05,0.01,0.18
11/25/2014 20:05,NA,0.01
11/25/2014 20:20,0.01,NA
11/25/2014 20:50,0.01,NA
11/25/2014 21:05,0.03,0.05
11/25/2014 21:20,0.01,NA
11/25/2014 21:35,0.01,NA
11/25/2014 21:50,0.01,NA
11/25/2014 22:05,0.01,0.05
11/25/2014 22:20,0.01,NA
11/25/2014 22:35,0.02,NA
11/25/2014 22:50,0.02,NA
11/25/2014 23:05,0.01,0.06
11/25/2014 23:20,0.01,NA
11/25/2014 23:35,0.04,NA
11/25/2014 23:50,0.05,NA
11/26/2014 0:05,0.03,0.16
11/26/2014 0:20,0.05,NA
11/26/2014 0:35,0.01,NA
11/26/2014 0:50,0.03,NA
11/26/2014 1:05,0.01,0.09
11/26/2014 1:20,0.03,NA
11/26/2014 1:35,0.04,NA
11/26/2014 1:50,0.04,NA
11/26/2014 2:05,0.02,0.13
11/26/2014 2:20,0.04,NA
11/26/2014 2:35,0.01,NA
11/26/2014 2:50,0.02,NA
11/26/2014 3:05,0.01,0.09
11/26/2014 3:20,0.04,NA
11/26/2014 3:35,0.02,NA
11/26/2014 3:50,0.01,NA
11/26/2014 4:05,0.01,0.04
11/26/2014 4:20,0.01,NA
11/26/2014 4:35,0.01,NA
11/26/2014 4:50,0.06,NA
11/26/2014 5:05,0.05,0.16
11/26/2014 5:20,0.03,NA
11/26/2014 5:35,0.05,NA
11/26/2014 5:50,0.08,NA
11/26/2014 6:05,0.02,0.17
11/26/2014 6:20,0.02,NA
11/26/2014 6:35,0.03,NA
11/26/2014 6:50,0.03,NA
11/26/2014 7:05,0.01,0.07
11/26/2014 7:20,0.01,NA
11/26/2014 7:35,0.01,NA
11/26/2014 7:50,0.02,NA
11/26/2014 8:05,0.02,0.07
11/26/2014 8:20,0.02,NA
11/26/2014 8:35,0.01,NA
11/26/2014 8:50,0.01,NA
11/26/2014 9:05,0.02,0.06
11/26/2014 9:20,0.01,NA
11/26/2014 9:35,0.02,NA
11/26/2014 9:50,0.03,NA
11/26/2014 10:05,0.05,0.16
11/26/2014 10:20,0.05,NA
11/26/2014 10:35,0.03,NA
11/26/2014 11:05,NA,0.01
12/5/2014 6:50,0.01,NA
12/5/2014 7:05,NA,0.01
12/5/2014 8:05,NA,0.01
12/5/2014 8:20,0.01,NA
12/6/2014 5:05,NA,0.01
12/6/2014 5:20,0.01,NA
12/6/2014 5:35,0.01,NA
12/6/2014 6:05,NA,0.02
12/6/2014 6:20,0.01,NA
12/6/2014 7:35,0.01,NA
12/6/2014 8:05,NA,0.01
12/6/2014 9:05,NA,0.01
12/6/2014 9:35,0.02,NA
12/6/2014 10:05,NA,0.01
12/6/2014 11:05,0.01,0.02
12/6/2014 11:35,0.01,NA
12/6/2014 11:50,0.01,NA
12/6/2014 12:05,0.01,0.03
12/6/2014 12:20,0.01,NA
12/6/2014 12:35,0.01,NA
12/6/2014 12:50,0.01,NA
12/6/2014 13:05,0.01,0.03
12/6/2014 14:05,0.06,0.06
12/6/2014 17:35,0.01,NA
12/6/2014 18:05,NA,0.01
12/8/2014 14:05,NA,0.01
12/8/2014 14:35,0.02,NA
12/8/2014 15:05,NA,0.01
12/8/2014 16:05,NA,0.01
12/8/2014 16:20,0.01,NA
12/8/2014 21:35,0.01,NA
12/8/2014 22:05,NA,0.01
12/16/2014 7:05,0.01,0.02
12/16/2014 7:20,0.01,NA
12/16/2014 7:35,0.01,NA
12/16/2014 8:05,0.01,0.08
12/16/2014 8:20,0.06,NA
12/16/2014 10:05,0.01,0.02
12/16/2014 10:20,0.01,NA
12/16/2014 10:35,0.01,NA
12/16/2014 11:05,NA,0.01
12/20/2014 8:05,0.01,0.02
12/20/2014 8:20,0.01,NA
12/22/2014 0:35,0.01,NA
12/22/2014 1:05,0.01,0.02
12/22/2014 1:50,0.01,NA
12/22/2014 2:05,0.02,0.04
12/22/2014 2:20,0.01,NA
12/22/2014 2:35,0.01,NA
12/22/2014 2:50,0.01,NA
12/22/2014 3:05,0.01,0.03
12/22/2014 3:50,0.01,NA
12/22/2014 4:05,0.01,0.06
12/22/2014 4:20,0.04,NA
12/22/2014 4:35,0.01,NA
12/22/2014 4:50,0.01,NA
12/22/2014 5:05,NA,0.03
12/22/2014 5:20,0.01,NA
12/22/2014 7:05,0.01,0.01
12/22/2014 20:35,0.01,NA
12/22/2014 21:05,NA,0.01
12/22/2014 21:50,0.02,NA
12/22/2014 22:05,0.01,0.03
12/22/2014 22:35,0.02,NA
12/22/2014 22:50,0.02,NA
12/22/2014 23:05,NA,0.04
12/23/2014 1:05,NA,0.01
12/23/2014 1:20,0.01,NA
12/23/2014 2:35,0.01,NA
12/23/2014 3:05,NA,0.01
12/23/2014 3:50,0.01,NA
12/23/2014 4:05,0.01,0.04
12/23/2014 4:20,0.02,NA
12/23/2014 4:35,0.01,NA
12/23/2014 5:05,NA,0.02
12/23/2014 5:20,0.01,NA
12/23/2014 8:35,0.01,NA
12/23/2014 9:05,NA,0.01
12/23/2014 15:05,NA,0.02
12/23/2014 15:20,0.01,NA
12/23/2014 15:35,0.02,NA
12/23/2014 15:50,0.01,NA
12/23/2014 16:05,0.01,0.03
12/23/2014 16:35,0.01,NA
12/23/2014 17:05,NA,0.01
12/23/2014 18:35,0.01,NA
12/23/2014 19:05,0.02,0.05
12/23/2014 19:20,0.02,NA
12/23/2014 19:35,0.01,NA
12/23/2014 19:50,0.03,NA
12/23/2014 20:05,0.02,0.07
12/23/2014 20:20,0.01,NA
12/24/2014 2:05,0.01,0.01
12/24/2014 3:05,NA,0.04
12/24/2014 3:20,0.02,NA
12/24/2014 3:35,0.08,NA
12/24/2014 3:50,0.04,NA
12/24/2014 4:05,0.07,0.46
12/24/2014 4:20,0.14,NA
12/24/2014 4:35,0.32,NA
12/24/2014 4:50,0.07,NA
12/24/2014 5:05,0.05,0.34
12/24/2014 5:20,0.04,NA
12/24/2014 5:35,0.02,NA
12/24/2014 5:50,0.03,NA
12/24/2014 6:05,0.03,0.09
12/24/2014 6:20,0.02,NA
12/24/2014 6:50,0.01,NA
12/24/2014 7:05,NA,0.01
12/24/2014 8:05,0.01,0.02
12/24/2014 8:35,0.01,NA
12/24/2014 9:05,NA,0.08
12/24/2014 9:20,0.06,NA
12/24/2014 9:35,0.06,NA
12/24/2014 9:50,0.02,NA
12/24/2014 10:05,0.05,0.14
12/24/2014 10:20,0.02,NA
12/24/2014 10:35,0.02,NA
12/24/2014 10:50,0.02,NA
12/24/2014 11:05,0.02,0.06
12/24/2014 11:20,0.01,NA
12/24/2014 11:35,0.01,NA
12/24/2014 11:50,0.02,NA
12/24/2014 12:05,0.01,0.05
12/24/2014 12:20,0.01,NA
12/24/2014 12:50,0.01,NA
12/24/2014 13:05,0.01,0.05
12/24/2014 13:20,0.02,NA
12/24/2014 13:35,0.01,NA
12/24/2014 14:05,NA,0.01
12/24/2014 14:20,0.01,NA
12/24/2014 20:50,0.01,NA
12/24/2014 21:05,NA,0.01
12/28/2014 5:05,0.01,0.02
12/28/2014 5:20,0.01,NA
12/28/2014 5:35,0.01,NA
12/28/2014 6:05,NA,0.01
12/28/2014 9:05,NA,0.01
12/28/2014 9:35,0.01,NA
12/28/2014 10:50,0.01,NA
12/28/2014 11:05,NA,0.01
12/29/2014 1:05,NA,0.01
12/29/2014 1:20,0.01,NA
12/29/2014 1:35,0.01,NA
12/29/2014 1:50,0.01,NA
12/29/2014 2:05,0.02,0.09
12/29/2014 2:20,0.04,NA
12/29/2014 2:35,0.02,NA
12/29/2014 2:50,0.01,NA
12/29/2014 3:05,0.02,0.08
12/29/2014 3:20,0.03,NA
12/29/2014 3:35,0.01,NA
12/29/2014 3:50,0.04,NA
12/29/2014 4:05,0.05,0.15
12/29/2014 4:20,0.06,NA
12/29/2014 4:35,0.02,NA
12/29/2014 4:50,0.03,NA
12/29/2014 5:05,0.04,0.17
12/29/2014 5:20,0.06,NA
12/29/2014 5:35,0.03,NA
12/29/2014 5:50,0.06,NA
12/29/2014 6:05,0.04,0.12
12/29/2014 6:35,0.01,NA
12/29/2014 6:50,0.05,NA
12/29/2014 7:05,NA,0.07
12/29/2014 7:20,0.02,NA
12/29/2014 7:35,0.02,NA
12/29/2014 7:50,0.01,NA
12/29/2014 8:05,0.01,0.04
12/29/2014 9:35,0.01,NA
12/29/2014 10:05,NA,0.01
12/30/2014 5:05,0.01,0.01
12/30/2014 5:50,0.01,NA
12/30/2014 6:05,NA,0.01
12/30/2014 9:35,0.01,NA
12/30/2014 10:05,NA,0.01
1/2/2015 18:05,0.01,0.01
1/2/2015 18:50,0.01,NA
1/2/2015 19:05,0.02,0.06
1/2/2015 19:20,0.02,NA
1/2/2015 19:35,0.01,NA
1/2/2015 22:50,0.01,NA
1/2/2015 23:05,NA,0.02
1/2/2015 23:20,0.01,NA
1/2/2015 23:50,0.01,NA
1/3/2015 0:05,0.02,0.04
1/3/2015 0:20,0.01,NA
1/3/2015 0:50,0.02,NA
1/3/2015 1:05,0.03,0.07
1/3/2015 1:20,0.02,NA
1/3/2015 1:35,0.02,NA
1/3/2015 1:50,0.01,NA
1/3/2015 2:05,NA,0.03
1/3/2015 14:50,0.02,NA
1/3/2015 15:05,NA,0.02
1/3/2015 15:50,0.03,NA
1/3/2015 16:05,0.01,0.04
1/3/2015 17:50,0.01,NA
1/3/2015 18:05,NA,0.01
1/3/2015 20:05,0.01,0.01
1/4/2015 0:05,0.01,0.01
1/4/2015 4:35,0.01,NA
1/4/2015 5:05,NA,0.01
1/4/2015 9:05,NA,0.02
1/4/2015 9:35,0.1,NA
1/4/2015 10:05,NA,0.08
1/4/2015 12:05,0.01,0.01
1/4/2015 12:35,0.01,NA
1/4/2015 13:05,NA,0.01
1/11/2015 22:05,NA,0.01
1/11/2015 22:35,0.01,NA
1/11/2015 23:50,0.01,NA
1/12/2015 0:05,0.09,0.16
1/12/2015 0:20,0.05,NA
1/12/2015 0:35,0.03,NA
1/12/2015 1:05,0.01,0.08
1/12/2015 1:20,0.04,NA
1/12/2015 1:35,0.02,NA
1/12/2015 2:05,0.02,0.05
1/12/2015 2:20,0.01,NA
1/12/2015 2:35,0.1,NA
1/12/2015 2:50,0.06,NA
1/12/2015 3:05,0.01,0.18
1/12/2015 3:20,0.02,NA
1/12/2015 3:50,0.02,NA
1/12/2015 4:05,0.04,0.15
1/12/2015 4:20,0.06,NA
1/12/2015 4:35,0.09,NA
1/12/2015 4:50,0.05,NA
1/12/2015 5:05,0.02,0.16
1/12/2015 5:20,0.02,NA
1/12/2015 5:35,0.05,NA
1/12/2015 5:50,0.03,NA
1/12/2015 6:05,0.01,0.13
1/12/2015 6:20,0.03,NA
1/12/2015 6:35,0.07,NA
1/12/2015 6:50,0.04,NA
1/12/2015 7:05,NA,0.1
1/12/2015 7:35,0.01,NA
1/12/2015 11:05,0.01,0.04
1/12/2015 11:20,0.02,NA
1/12/2015 11:35,0.01,NA
1/12/2015 12:05,0.01,0.01
1/12/2015 12:50,0.01,NA
1/12/2015 13:05,NA,0.01
1/12/2015 13:35,0.01,NA
1/12/2015 14:05,0.01,0.02
1/12/2015 14:35,0.01,NA
1/12/2015 14:50,0.01,NA
1/12/2015 15:05,NA,0.02
1/13/2015 0:05,0.01,0.01
1/15/2015 9:05,NA,0.01
1/15/2015 9:20,0.01,NA
1/18/2015 1:35,0.01,NA
1/18/2015 2:05,0.02,0.07
1/18/2015 2:20,0.04,NA
1/18/2015 11:05,NA,0.01
1/18/2015 11:20,0.01,NA
1/23/2015 8:35,0.01,NA
1/23/2015 8:50,0.01,NA
1/23/2015 9:05,0.01,0.04
1/23/2015 9:20,0.01,NA
1/23/2015 9:50,0.01,NA
1/23/2015 10:05,NA,0.02
1/23/2015 10:20,0.01,NA
1/23/2015 10:35,0.01,NA
1/23/2015 10:50,0.01,NA
1/23/2015 11:05,NA,0.03
1/23/2015 11:20,0.01,NA
1/23/2015 11:50,0.02,NA
1/23/2015 12:05,0.02,0.06
1/23/2015 12:20,0.02,NA
1/23/2015 12:35,0.02,NA
1/23/2015 12:50,0.02,NA
1/23/2015 13:05,0.02,0.09
1/23/2015 13:20,0.02,NA
1/23/2015 13:35,0.02,NA
1/23/2015 13:50,0.02,NA
1/23/2015 14:05,0.01,0.06
1/23/2015 14:20,0.02,NA
1/23/2015 14:35,0.01,NA
1/23/2015 14:50,0.02,NA
1/23/2015 15:05,0.01,0.07
1/23/2015 15:20,0.02,NA
1/23/2015 15:35,0.02,NA
1/23/2015 15:50,0.03,NA
1/23/2015 16:05,0.06,0.15
1/23/2015 16:20,0.04,NA
1/23/2015 16:35,0.04,NA
1/23/2015 16:50,0.05,NA
1/23/2015 17:05,0.03,0.14
1/23/2015 17:20,0.02,NA
1/23/2015 17:35,0.02,NA
1/23/2015 17:50,0.02,NA
1/23/2015 18:05,0.02,0.06
1/23/2015 18:35,0.01,NA
1/23/2015 19:05,0.03,0.08
1/23/2015 19:20,0.04,NA
1/23/2015 19:35,0.02,NA
1/23/2015 19:50,0.02,NA
1/23/2015 20:05,0.02,0.08
1/23/2015 20:20,0.03,NA
1/23/2015 20:50,0.01,NA
1/23/2015 21:05,0.01,0.02
1/23/2015 21:35,0.01,NA
1/23/2015 22:05,0.02,0.04
1/23/2015 22:20,0.01,NA
1/23/2015 23:05,0.01,0.01
1/23/2015 23:50,0.01,NA
1/24/2015 0:05,NA,0.01
1/24/2015 0:35,0.01,NA
1/24/2015 1:05,0.01,0.02
1/24/2015 2:05,NA,0.02
1/24/2015 2:20,0.02,NA
1/24/2015 2:50,0.01,NA
1/24/2015 3:05,NA,0.01
1/24/2015 4:35,0.01,NA
1/24/2015 5:05,NA,0.01
1/24/2015 9:50,0.01,NA
1/24/2015 10:05,NA,0.02
1/24/2015 10:35,0.01,NA
1/24/2015 10:50,0.02,NA
1/24/2015 11:05,NA,0.02
2/2/2015 0:05,0.02,0.05
2/2/2015 0:20,0.02,NA
2/2/2015 0:35,0.02,NA
2/2/2015 0:50,0.01,NA
2/2/2015 1:05,NA,0.02
2/2/2015 2:35,0.19,NA
2/2/2015 2:50,0.08,NA
2/2/2015 3:05,0.01,0.29
2/2/2015 3:20,0.01,NA
2/2/2015 4:05,0.01,0.02
2/2/2015 4:20,0.01,NA
2/2/2015 4:50,0.01,NA
2/2/2015 5:05,NA,0.02
2/2/2015 5:20,0.01,NA
2/2/2015 5:35,0.01,NA
2/2/2015 5:50,0.02,NA
2/2/2015 6:05,0.03,0.08
2/2/2015 6:20,0.02,NA
2/2/2015 6:35,0.01,NA
2/2/2015 6:50,0.01,NA
2/2/2015 7:05,NA,0.02
2/2/2015 8:05,0.01,0.01
2/9/2015 11:05,NA,0.03
2/9/2015 11:20,0.03,NA
2/9/2015 11:35,0.07,NA
2/9/2015 11:50,0.12,NA
2/9/2015 12:05,0.1,0.43
2/9/2015 12:20,0.11,NA
2/9/2015 12:35,0.06,NA
2/9/2015 12:50,0.01,NA
2/9/2015 13:05,NA,0.05
2/9/2015 13:35,0.01,NA
2/9/2015 14:50,0.02,NA
2/9/2015 15:05,0.02,0.07
2/9/2015 15:20,0.02,NA
2/9/2015 15:35,0.02,NA
2/9/2015 15:50,0.04,NA
2/9/2015 16:05,0.04,0.12
2/9/2015 16:20,0.03,NA
2/9/2015 16:35,0.01,NA
2/9/2015 16:50,0.02,NA
2/9/2015 17:05,0.01,0.04
2/9/2015 20:05,0.01,0.02
2/9/2015 20:20,0.01,NA
2/9/2015 21:05,0.01,0.01
2/9/2015 22:05,NA,0.01
2/9/2015 22:20,0.01,NA
2/9/2015 23:05,0.01,0.02
2/9/2015 23:20,0.01,NA
2/9/2015 23:35,0.01,NA
2/9/2015 23:50,0.01,NA
2/10/2015 0:05,0.01,0.03
2/10/2015 0:35,0.01,NA
2/10/2015 0:50,0.01,NA
2/10/2015 1:05,0.01,0.04
2/10/2015 1:20,0.01,NA
2/10/2015 2:05,0.01,0.01
2/10/2015 3:35,0.01,NA
2/10/2015 4:05,NA,0.01
2/22/2015 2:05,0.02,0.04
2/22/2015 2:20,0.02,NA
2/22/2015 2:35,0.01,NA
2/22/2015 2:50,0.02,NA
2/22/2015 3:05,NA,0.04
2/22/2015 3:20,0.01,NA
2/22/2015 4:05,0.01,0.03
2/22/2015 4:20,0.01,NA
2/22/2015 4:35,0.02,NA
2/22/2015 4:50,0.02,NA
2/22/2015 5:05,0.01,0.05
2/22/2015 5:20,0.01,NA
2/22/2015 5:35,0.01,NA
2/22/2015 5:50,0.01,NA
2/22/2015 6:05,0.01,0.03
3/1/2015 4:05,NA,0.01
3/1/2015 4:20,0.01,NA
3/1/2015 11:05,NA,0.01
3/1/2015 11:35,0.01,NA
3/1/2015 14:50,0.01,NA
3/1/2015 15:05,NA,0.01
3/3/2015 11:35,0.01,NA
3/3/2015 12:05,0.01,0.02
3/3/2015 20:05,NA,0.01
3/3/2015 20:20,0.01,NA
3/4/2015 12:50,0.01,NA
3/4/2015 13:05,NA,0.01
3/5/2015 2:05,0.02,0.02
3/5/2015 7:05,0.01,0.01
3/5/2015 7:50,0.01,NA
3/5/2015 8:05,0.01,0.02
3/5/2015 8:50,0.01,NA
3/5/2015 9:05,0.01,0.05
3/5/2015 9:20,0.02,NA
3/5/2015 9:35,0.01,NA
3/5/2015 12:05,NA,0.01
3/5/2015 12:35,0.02,NA
3/5/2015 12:50,0.01,NA
3/5/2015 13:05,0.08,0.16
3/5/2015 13:20,0.05,NA
3/5/2015 13:35,0.06,NA
3/5/2015 13:50,0.05,NA
3/5/2015 14:05,0.03,0.22
3/5/2015 14:20,0.07,NA
3/5/2015 14:35,0.03,NA
3/5/2015 14:50,0.01,NA
3/5/2015 15:05,NA,0.02
3/5/2015 18:05,NA,0.01
3/5/2015 18:20,0.01,NA
3/5/2015 18:35,0.01,NA
3/5/2015 19:05,NA,0.01
3/9/2015 11:05,0.01,0.01
3/11/2015 15:05,NA,0.01
3/11/2015 15:20,0.01,NA
3/11/2015 15:50,0.15,NA
3/11/2015 16:05,0.01,0.17
3/11/2015 16:20,0.01,NA
3/11/2015 18:05,0.01,0.02
3/11/2015 18:20,0.01,NA
3/11/2015 20:35,0.02,NA
3/11/2015 20:50,0.04,NA
3/11/2015 21:05,0.02,0.08
3/13/2015 16:05,NA,0.01
3/13/2015 16:20,0.01,NA
3/13/2015 17:05,NA,0.01
3/13/2015 17:20,0.01,NA
3/13/2015 17:50,0.02,NA
3/13/2015 18:05,NA,0.02
3/13/2015 18:35,0.01,NA
3/13/2015 19:05,0.01,0.03
3/13/2015 19:20,0.01,NA
3/13/2015 21:50,0.01,NA
3/13/2015 22:05,NA,0.01
3/13/2015 23:50,0.01,NA
3/14/2015 0:05,0.01,0.03
3/14/2015 0:20,0.01,NA
3/14/2015 1:05,NA,0.04
3/14/2015 1:20,0.02,NA
3/14/2015 1:35,0.02,NA
3/14/2015 1:50,0.01,NA
3/14/2015 2:05,NA,0.01
3/14/2015 5:05,NA,0.02
3/14/2015 5:20,0.01,NA
3/14/2015 5:35,0.02,NA
3/14/2015 5:50,0.04,NA
3/14/2015 6:05,0.02,0.08
3/14/2015 6:20,0.01,NA
3/14/2015 7:50,0.01,NA
3/14/2015 8:05,NA,0.01
3/14/2015 8:50,0.02,NA
3/14/2015 9:05,0.01,0.11
3/14/2015 9:20,0.06,NA
3/14/2015 9:35,0.04,NA
3/14/2015 9:50,0.01,NA
3/14/2015 10:05,NA,0.03
3/14/2015 11:05,NA,0.01
3/14/2015 11:35,0.01,NA
3/14/2015 12:05,0.01,0.01
3/19/2015 18:05,0.01,0.02
3/19/2015 18:35,0.02,NA
3/19/2015 19:05,0.01,0.03
3/19/2015 19:20,0.01,NA
3/19/2015 19:50,0.01,NA
3/19/2015 20:05,0.01,0.05
3/19/2015 20:20,0.02,NA
3/19/2015 20:35,0.02,NA
3/19/2015 20:50,0.02,NA
3/19/2015 21:05,0.01,0.06
3/19/2015 21:20,0.02,NA
3/19/2015 21:35,0.01,NA
3/19/2015 21:50,0.01,NA
3/19/2015 22:05,0.01,0.04
3/19/2015 22:35,0.01,NA
3/19/2015 22:50,0.01,NA
3/19/2015 23:05,NA,0.02
3/19/2015 23:20,0.01,NA
3/20/2015 0:05,NA,0.01
3/20/2015 0:20,0.01,NA
3/20/2015 0:35,0.01,NA
3/20/2015 1:05,NA,0.01
3/20/2015 2:05,0.01,0.01
3/20/2015 3:05,NA,0.01
3/20/2015 3:20,0.01,NA
3/22/2015 23:05,NA,0.01
3/22/2015 23:35,0.01,NA
3/23/2015 0:50,0.01,NA
3/23/2015 1:05,NA,0.01
3/25/2015 7:50,0.01,NA
3/25/2015 8:05,NA,0.01
3/26/2015 2:05,0.01,0.01
3/27/2015 7:50,0.02,NA
3/27/2015 8:05,0.03,0.1
3/27/2015 8:20,0.04,NA
3/27/2015 8:35,0.05,NA
3/27/2015 8:50,0.03,NA
3/27/2015 9:05,0.01,0.09
3/27/2015 9:35,0.02,NA
3/27/2015 9:50,0.01,NA
3/27/2015 10:05,NA,0.02
3/27/2015 10:50,0.01,NA
3/27/2015 11:05,NA,0.01
3/27/2015 15:50,0.01,NA
3/27/2015 16:05,NA,0.01
3/30/2015 7:50,0.02,NA
3/30/2015 8:05,0.05,0.19
3/30/2015 8:20,0.08,NA
3/30/2015 8:35,0.08,NA
3/30/2015 8:50,0.02,NA
3/30/2015 9:05,0.01,0.07
4/2/2015 21:05,0.02,0.1
4/2/2015 21:20,0.08,NA
4/2/2015 21:35,0.01,NA
4/2/2015 22:05,NA,0.01
4/3/2015 0:35,0.01,NA
4/3/2015 1:05,NA,0.01
4/7/2015 1:50,0.01,NA
4/7/2015 2:05,0.01,0.04
4/7/2015 2:20,0.01,NA
4/7/2015 2:35,0.02,NA
4/7/2015 2:50,0.01,NA
4/7/2015 3:05,0.1,0.18
4/7/2015 3:20,0.05,NA
4/7/2015 3:35,0.01,NA
4/7/2015 3:50,0.03,NA
4/7/2015 4:05,0.06,0.12
4/7/2015 4:20,0.02,NA
4/7/2015 4:35,0.02,NA
4/7/2015 4:50,0.01,NA
4/7/2015 5:05,NA,0.03
4/7/2015 5:20,0.01,NA
4/7/2015 18:50,0.01,NA
4/7/2015 19:05,NA,0.04
4/7/2015 19:20,0.02,NA
4/7/2015 19:35,0.03,NA
4/7/2015 19:50,0.03,NA
4/7/2015 20:05,0.02,0.12
4/7/2015 20:20,0.04,NA
4/7/2015 20:35,0.02,NA
4/7/2015 20:50,0.03,NA
4/7/2015 21:05,0.04,0.11
4/7/2015 21:20,0.02,NA
4/7/2015 21:35,0.02,NA
4/7/2015 22:05,NA,0.01
4/8/2015 1:05,0.01,0.01
4/8/2015 1:35,0.12,NA
4/8/2015 1:50,0.01,NA
4/8/2015 2:05,0.01,0.14
4/8/2015 4:05,0.01,0.01
4/13/2015 9:05,NA,0.01
4/13/2015 9:20,0.01,NA
4/13/2015 10:05,NA,0.01
4/13/2015 10:20,0.01,NA
4/13/2015 20:05,0.01,0.01
4/14/2015 8:05,0.06,0.14
4/14/2015 8:20,0.07,NA
4/14/2015 8:35,0.01,NA
4/14/2015 9:05,NA,0.01
4/14/2015 9:20,0.01,NA
4/15/2015 7:35,0.01,NA
4/15/2015 8:05,NA,0.02
4/15/2015 8:20,0.01,NA
4/15/2015 8:35,0.01,NA
4/15/2015 8:50,0.01,NA
4/15/2015 9:05,NA,0.03
4/15/2015 9:20,0.01,NA
4/15/2015 13:35,0.01,NA
4/15/2015 13:50,0.06,NA
4/15/2015 14:05,0.06,0.19
4/15/2015 14:20,0.05,NA
4/15/2015 14:35,0.06,NA
4/15/2015 14:50,0.04,NA
4/15/2015 15:05,0.04,0.21
4/15/2015 15:20,0.06,NA
4/15/2015 15:35,0.06,NA
4/15/2015 15:50,0.06,NA
4/15/2015 16:05,0.05,0.24
4/15/2015 16:20,0.07,NA
4/15/2015 16:35,0.06,NA
4/15/2015 16:50,0.05,NA
4/15/2015 17:05,0.01,0.12
4/15/2015 17:20,0.01,NA
4/15/2015 17:35,0.02,NA
4/15/2015 18:05,0.01,0.02
4/15/2015 21:05,0.02,0.05
4/15/2015 21:20,0.02,NA
4/15/2015 21:35,0.01,NA
4/15/2015 21:50,0.01,NA
4/15/2015 22:05,0.04,0.12
4/15/2015 22:20,0.06,NA
4/15/2015 22:35,0.02,NA
4/15/2015 22:50,0.01,NA
4/15/2015 23:05,0.01,0.08
4/15/2015 23:20,0.03,NA
4/15/2015 23:35,0.04,NA
4/15/2015 23:50,0.02,NA
4/16/2015 0:05,0.01,0.05
4/16/2015 1:05,NA,0.01
4/16/2015 1:20,0.01,NA
4/16/2015 2:05,NA,0.01
4/16/2015 2:20,0.01,NA
4/16/2015 3:50,0.02,NA
4/16/2015 4:05,NA,0.03
4/16/2015 4:20,0.01,NA
4/16/2015 4:35,0.01,NA
4/16/2015 4:50,0.01,NA
4/16/2015 5:05,NA,0.03
4/16/2015 5:35,0.01,NA
4/16/2015 6:05,NA,0.01
4/16/2015 6:20,0.01,NA
4/16/2015 6:35,0.01,NA
4/16/2015 7:05,NA,0.02
4/16/2015 7:20,0.01,NA
4/16/2015 7:50,0.01,NA
4/16/2015 8:05,NA,0.01
4/16/2015 9:05,0.01,0.03
4/16/2015 9:20,0.02,NA
4/16/2015 9:50,0.01,NA
4/16/2015 10:05,0.01,0.04
4/16/2015 10:20,0.01,NA
4/16/2015 10:35,0.01,NA
4/16/2015 10:50,0.01,NA
4/16/2015 11:05,NA,0.01
4/16/2015 12:35,0.01,NA
4/16/2015 13:05,NA,0.01
4/16/2015 13:35,0.01,NA
4/16/2015 13:50,0.01,NA
4/16/2015 14:05,NA,0.03
4/16/2015 14:20,0.01,NA
4/16/2015 16:50,0.01,NA
4/16/2015 17:05,0.01,0.02
4/16/2015 17:50,0.05,NA
4/16/2015 18:05,0.01,0.06
4/16/2015 18:50,0.01,NA
4/16/2015 19:05,NA,0.02
4/16/2015 19:35,0.03,NA
4/16/2015 19:50,0.01,NA
4/16/2015 20:05,0.01,0.05
4/16/2015 20:20,0.01,NA
4/17/2015 8:05,NA,0.01
4/17/2015 8:20,0.01,NA
4/18/2015 2:05,0.01,0.02
4/18/2015 2:35,0.01,NA
4/18/2015 4:05,NA,0.01
4/18/2015 4:20,0.01,NA
4/18/2015 6:05,0.01,0.01
4/19/2015 4:50,0.01,NA
4/19/2015 5:05,0.01,0.05
4/19/2015 5:20,0.03,NA
4/19/2015 5:35,0.02,NA
4/19/2015 5:50,0.03,NA
4/19/2015 6:05,0.06,0.27
4/19/2015 6:20,0.12,NA
4/19/2015 6:35,0.09,NA
4/19/2015 6:50,0.03,NA
4/19/2015 7:05,NA,0.08
4/19/2015 10:05,0.01,0.01
4/19/2015 10:35,0.02,NA
4/19/2015 10:50,0.01,NA
4/19/2015 11:05,0.01,0.07
4/19/2015 11:20,0.02,NA
4/19/2015 11:35,0.05,NA
4/19/2015 11:50,0.08,NA
4/19/2015 12:05,0.08,0.42
4/19/2015 12:20,0.17,NA
4/19/2015 12:35,0.13,NA
4/19/2015 12:50,0.03,NA
4/19/2015 13:05,0.02,0.2
4/19/2015 13:20,0.06,NA
4/19/2015 13:35,0.01,NA
4/19/2015 14:05,0.01,0.01
4/19/2015 14:50,0.01,NA
4/19/2015 15:05,NA,0.01
4/19/2015 16:05,NA,0.04
4/19/2015 16:20,0.03,NA
4/19/2015 16:35,0.01,NA
4/19/2015 18:05,0.02,0.08
4/19/2015 18:20,0.04,NA
4/19/2015 18:35,0.1,NA
4/19/2015 18:50,0.15,NA
4/19/2015 19:05,0.11,0.54
4/19/2015 19:20,0.15,NA
4/19/2015 19:35,0.17,NA
4/19/2015 19:50,0.08,NA
4/19/2015 20:05,NA,0.21
4/19/2015 20:20,0.01,NA
4/20/2015 18:35,0.01,NA
4/20/2015 19:05,NA,0.01
4/25/2015 8:05,NA,0.01
4/25/2015 8:35,0.02,NA
4/25/2015 8:50,0.03,NA
4/25/2015 9:05,0.02,0.1
4/25/2015 9:20,0.02,NA
4/25/2015 9:35,0.04,NA
4/25/2015 9:50,0.05,NA
4/25/2015 10:05,0.03,0.1
4/25/2015 11:05,0.02,0.03
4/25/2015 11:20,0.01,NA
4/25/2015 14:50,0.01,NA
4/25/2015 15:05,NA,0.02
4/25/2015 15:20,0.01,NA
4/25/2015 16:05,0.01,0.01
4/25/2015 17:50,0.01,NA
4/25/2015 18:05,NA,0.01
4/26/2015 4:05,0.01,0.01
5/1/2015 1:05,0.01,0.01
5/18/2015 20:05,0.02,0.05
5/18/2015 20:20,0.03,NA
5/18/2015 20:35,0.04,NA
5/18/2015 20:50,0.91,NA
5/18/2015 21:05,0.12,1.08
5/18/2015 21:20,0.01,NA
5/19/2015 0:05,0.01,0.01
5/26/2015 22:05,0.05,0.05
5/26/2015 23:05,0.01,0.01
5/26/2015 23:35,0.01,NA
5/27/2015 0:05,NA,0.01
6/1/2015 17:05,NA,0.01
6/1/2015 17:20,0.01,NA
6/2/2015 8:05,0.16,0.49
6/2/2015 8:20,0.29,NA
6/2/2015 8:35,0.12,NA
6/2/2015 8:50,0.05,NA
6/2/2015 9:05,0.04,0.17
6/2/2015 10:50,0.01,NA
6/2/2015 11:05,NA,0.01
6/2/2015 14:50,0.01,NA
6/2/2015 15:05,0.03,0.07
6/2/2015 15:20,0.02,NA
6/2/2015 15:35,0.01,NA
6/2/2015 20:05,NA,0.01
6/2/2015 20:20,0.01,NA
6/2/2015 21:05,NA,0.02
6/2/2015 21:20,0.02,NA
6/2/2015 21:35,0.01,NA
6/2/2015 22:05,NA,0.01
6/4/2015 19:05,NA,0.06
6/4/2015 19:20,0.06,NA
6/4/2015 20:05,0.03,0.04
6/4/2015 20:20,0.01,NA
6/6/2015 19:35,0.01,NA
6/6/2015 19:50,0.04,NA
6/6/2015 20:05,NA,0.05
6/7/2015 15:50,0.01,NA
6/7/2015 16:05,NA,0.01
6/7/2015 18:05,NA,0.11
6/7/2015 18:20,0.05,NA
6/7/2015 18:35,0.12,NA
6/7/2015 18:50,0.01,NA
6/7/2015 19:05,NA,0.07
6/9/2015 0:50,0.39,NA
6/9/2015 1:05,0.03,0.43
6/9/2015 1:20,0.01,NA
6/9/2015 1:50,0.01,NA
6/9/2015 2:05,0.01,0.02
6/9/2015 4:05,NA,0.01
6/9/2015 4:20,0.01,NA
6/19/2015 23:05,NA,0.02
6/19/2015 23:20,0.02,NA
6/20/2015 7:05,NA,0.01
6/20/2015 7:20,0.01,NA
6/20/2015 17:05,0.14,0.16
6/20/2015 17:20,0.02,NA
6/24/2015 18:05,NA,0.11
6/24/2015 18:20,0.06,NA
6/24/2015 18:35,0.06,NA
6/24/2015 18:50,0.01,NA
6/24/2015 19:05,NA,0.02
6/26/2015 21:05,NA,0.11
6/26/2015 21:20,0.09,NA
6/26/2015 21:35,0.06,NA
6/26/2015 21:50,0.07,NA
6/26/2015 22:05,0.01,0.12
6/26/2015 22:35,0.01,NA
6/26/2015 23:05,NA,0.01
6/27/2015 16:05,NA,0.28
6/27/2015 16:20,0.26,NA
6/27/2015 16:35,0.13,NA
6/27/2015 16:50,0.02,NA
6/27/2015 17:05,0.06,0.2
6/27/2015 17:35,0.01,NA
6/27/2015 18:05,0.04,0.08
6/27/2015 18:20,0.04,NA
6/27/2015 18:35,0.01,NA
6/27/2015 18:50,0.01,NA
6/27/2015 19:05,NA,0.02
7/3/2015 10:05,NA,0.03
7/3/2015 10:20,0.02,NA
7/3/2015 10:35,0.35,NA
7/3/2015 10:50,0.21,NA
7/3/2015 11:05,0.05,0.6
7/3/2015 19:05,NA,0.02
7/3/2015 19:35,0.02,NA
7/4/2015 18:50,0.11,NA
7/4/2015 19:05,0.07,0.18
7/4/2015 19:50,0.01,NA
7/4/2015 20:05,NA,0.01
7/18/2015 14:35,0.19,NA
7/18/2015 14:50,0.23,NA
7/18/2015 15:05,NA,0.42
7/18/2015 15:35,0.01,NA
7/18/2015 16:05,NA,0.01
7/18/2015 17:05,NA,0.01
7/18/2015 17:20,0.01,NA
7/23/2015 17:50,0.01,NA
7/23/2015 18:05,0.25,0.35
7/23/2015 18:20,0.08,NA
7/23/2015 18:35,0.02,NA
7/23/2015 19:05,NA,0.01
7/31/2015 0:05,0.12,0.3
7/31/2015 0:20,0.18,NA
8/6/2015 18:35,0.01,NA
8/6/2015 18:50,0.01,NA
8/6/2015 19:05,0.01,0.03
8/7/2015 4:50,0.03,NA
8/7/2015 5:05,NA,0.03
8/10/2015 20:05,0.03,0.04
8/10/2015 20:20,0.01,NA
8/10/2015 20:50,0.01,NA
8/10/2015 21:05,NA,0.01
8/11/2015 21:05,NA,0.3
8/11/2015 21:20,0.1,NA
8/11/2015 21:35,0.45,NA
8/11/2015 21:50,0.01,NA
8/11/2015 22:05,NA,0.26
8/12/2015 1:05,NA,0.01
8/12/2015 1:20,0.01,NA
8/15/2015 20:35,0.1,NA
8/15/2015 20:50,0.03,NA
8/15/2015 21:05,0.02,0.16
8/15/2015 21:20,0.01,NA
8/19/2015 0:50,0.07,NA
8/19/2015 1:05,0.12,0.22
8/19/2015 1:20,0.03,NA
8/19/2015 1:35,0.02,NA
8/19/2015 1:50,0.02,NA
8/19/2015 2:05,0.04,0.44
8/19/2015 2:20,0.35,NA
8/19/2015 2:35,0.01,NA
8/19/2015 5:05,0.01,0.01
8/19/2015 16:05,0.02,0.31
8/19/2015 16:20,0.22,NA
8/19/2015 16:35,0.08,NA
8/19/2015 16:50,0.05,NA
8/19/2015 17:05,0.01,0.23
8/19/2015 17:20,0.16,NA
8/19/2015 18:05,0.01,0.01
8/19/2015 19:05,0.08,0.1
8/19/2015 19:20,0.02,NA
8/19/2015 19:50,0.01,NA
8/19/2015 20:05,NA,0.01
8/20/2015 20:05,NA,0.16
8/20/2015 20:20,0.09,NA
8/20/2015 20:35,0.19,NA
8/20/2015 20:50,0.08,NA
8/20/2015 21:05,0.01,0.21
8/23/2015 5:05,NA,0.01
8/23/2015 5:20,0.01,NA
8/23/2015 5:50,0.01,NA
8/23/2015 6:05,NA,0.01
8/23/2015 7:05,NA,0.03
8/23/2015 7:20,0.02,NA
8/23/2015 7:35,0.02,NA
8/23/2015 8:05,NA,0.01
8/23/2015 14:05,0.02,0.21
8/23/2015 14:20,0.14,NA
8/23/2015 14:35,0.07,NA
8/23/2015 14:50,0.03,NA
8/23/2015 15:05,0.05,0.1
8/23/2015 17:35,0.14,NA
8/23/2015 17:50,0.35,NA
8/23/2015 18:05,0.02,0.51
8/30/2015 20:35,0.01,NA
8/30/2015 21:05,NA,0.02
8/30/2015 21:20,0.01,NA
8/30/2015 22:05,NA,0.01
8/30/2015 22:20,0.01,NA
8/30/2015 22:50,0.01,NA
8/30/2015 23:05,NA,0.01
8/31/2015 0:50,0.01,NA
8/31/2015 1:05,NA,0.01
8/31/2015 1:35,0.01,NA
8/31/2015 2:05,NA,0.01
8/31/2015 4:50,0.01,NA
8/31/2015 5:05,NA,0.01
9/7/2015 16:50,0.06,NA
9/7/2015 17:05,0.03,0.09
9/9/2015 17:35,0.14,NA
9/9/2015 17:50,0.36,NA
9/9/2015 18:05,NA,0.51
9/9/2015 18:20,0.01,NA
9/9/2015 19:35,0.15,NA
9/9/2015 19:50,0.11,NA
9/9/2015 20:05,NA,0.26
9/10/2015 18:50,0.02,NA
9/10/2015 19:05,0.06,0.21
9/10/2015 19:20,0.1,NA
9/10/2015 19:35,0.06,NA
9/10/2015 19:50,0.06,NA
9/10/2015 20:05,0.03,0.13
9/10/2015 20:20,0.01,NA
9/10/2015 22:05,NA,0.01
9/10/2015 22:20,0.01,NA
9/11/2015 20:05,0.01,0.02
9/11/2015 20:20,0.01,NA
9/11/2015 21:50,0.23,NA
9/11/2015 22:05,0.01,0.25
9/11/2015 22:20,0.01,NA
9/12/2015 21:05,NA,0.01
9/12/2015 21:20,0.01,NA
9/12/2015 21:35,0.01,NA
9/12/2015 22:05,NA,0.02
9/12/2015 22:35,0.01,NA
9/24/2015 15:50,0.05,NA
9/24/2015 16:05,0.03,0.11
9/24/2015 16:20,0.02,NA
9/24/2015 16:35,0.02,NA
9/24/2015 17:05,0.01,0.02
9/24/2015 17:50,0.03,NA
9/24/2015 18:05,NA,0.03
9/24/2015 18:50,0.02,NA
9/24/2015 19:05,0.03,0.06
9/24/2015 19:35,0.03,NA
9/24/2015 19:50,0.03,NA
9/24/2015 20:05,NA,0.05
9/24/2015 20:50,0.01,NA
9/24/2015 21:05,NA,0.02
9/24/2015 21:20,0.01,NA
9/24/2015 23:35,0.01,NA
9/25/2015 0:05,NA,0.01
9/25/2015 2:05,NA,0.01
9/25/2015 2:20,0.01,NA
9/25/2015 2:50,0.03,NA
9/25/2015 3:05,NA,0.06
9/25/2015 3:20,0.01,NA
9/25/2015 3:35,0.04,NA
9/25/2015 3:50,0.01,NA
9/25/2015 4:05,0.02,0.17
9/25/2015 4:20,0.1,NA
9/25/2015 4:35,0.04,NA
9/25/2015 4:50,0.01,NA
9/25/2015 5:05,NA,0.05
9/25/2015 5:20,0.01,NA
9/25/2015 5:35,0.01,NA
9/25/2015 5:50,0.01,NA
9/25/2015 6:05,NA,0.02
9/25/2015 6:20,0.01,NA
9/25/2015 9:05,NA,0.01
9/25/2015 9:20,0.01,NA
9/25/2015 13:50,0.01,NA
9/25/2015 14:05,0.01,0.02
9/25/2015 20:05,NA,0.01
9/25/2015 20:20,0.01,NA
9/25/2015 21:50,0.02,NA
9/25/2015 22:05,NA,0.02
9/25/2015 22:50,0.03,NA
9/25/2015 23:05,0.01,0.04
9/26/2015 0:05,NA,0.01
9/26/2015 0:20,0.01,NA
9/26/2015 0:50,0.01,NA
9/26/2015 1:05,0.01,0.02
9/26/2015 5:35,0.02,NA
9/26/2015 5:50,0.13,NA
9/26/2015 6:05,0.01,0.16
9/26/2015 7:05,NA,0.01
9/26/2015 7:20,0.01,NA
9/26/2015 8:35,0.01,NA
9/26/2015 9:05,NA,0.01
9/26/2015 9:50,0.01,NA
9/26/2015 10:05,NA,0.02
9/26/2015 10:35,0.01,NA
9/26/2015 15:50,0.01,NA
9/26/2015 16:05,NA,0.01
9/26/2015 16:50,0.01,NA
9/26/2015 17:05,NA,0.01
9/26/2015 19:05,0.01,0.01
9/26/2015 21:05,NA,0.01
9/26/2015 21:20,0.01,NA
9/26/2015 22:05,NA,0.01
9/26/2015 22:20,0.01,NA
9/26/2015 23:05,0.01,0.01
9/27/2015 0:05,0.01,0.01
9/27/2015 0:50,0.01,NA
9/27/2015 1:05,NA,0.02
9/27/2015 1:20,0.01,NA
9/27/2015 1:50,0.01,NA
9/27/2015 2:05,NA,0.02
9/27/2015 2:20,0.01,NA
9/27/2015 3:05,NA,0.01
9/27/2015 3:20,0.01,NA
9/27/2015 4:05,0.01,0.01
9/27/2015 5:35,0.01,NA
9/27/2015 6:05,NA,0.02
9/27/2015 6:20,0.01,NA
9/27/2015 6:50,0.01,NA
9/27/2015 7:05,NA,0.01
9/27/2015 7:35,0.01,NA
9/27/2015 8:05,NA,0.01
9/27/2015 8:50,0.01,NA
9/27/2015 9:05,NA,0.01
9/27/2015 10:05,0.01,0.02
9/27/2015 10:20,0.01,NA
9/27/2015 16:50,0.02,NA
9/27/2015 17:05,0.01,0.03
9/27/2015 18:35,0.01,NA
9/27/2015 18:50,0.01,NA
9/27/2015 19:05,NA,0.03
9/27/2015 19:20,0.01,NA
9/27/2015 19:35,0.01,NA
9/27/2015 20:05,0.01,0.02
9/27/2015 20:35,0.01,NA
9/27/2015 21:05,0.01,0.02
9/27/2015 21:35,0.01,NA
9/27/2015 22:05,NA,0.02
9/27/2015 22:20,0.01,NA
9/27/2015 22:50,0.01,NA
9/27/2015 23:05,NA,0.01
9/27/2015 23:35,0.01,NA
9/28/2015 0:05,NA,0.01
9/28/2015 22:35,0.01,NA
9/28/2015 23:05,NA,0.02
9/28/2015 23:20,0.01,NA
9/29/2015 1:50,0.01,NA
9/29/2015 2:05,NA,0.01
9/29/2015 4:35,0.01,NA
9/29/2015 4:50,0.01,NA
9/29/2015 5:05,NA,0.03
9/29/2015 5:20,0.01,NA
9/29/2015 5:35,0.01,NA
9/29/2015 5:50,0.01,NA
9/29/2015 6:05,NA,0.03
9/29/2015 6:20,0.01,NA
9/29/2015 7:50,0.02,NA
9/29/2015 8:05,0.01,0.05
9/29/2015 8:20,0.01,NA
9/29/2015 8:35,0.02,NA
9/29/2015 8:50,0.01,NA
9/29/2015 9:05,NA,0.03
9/29/2015 9:20,0.01,NA
9/29/2015 10:05,0.01,0.01
9/29/2015 11:50,0.01,NA
9/29/2015 12:05,NA,0.01
9/29/2015 12:50,0.01,NA
9/29/2015 13:05,0.02,0.03
9/29/2015 14:05,NA,0.01
9/29/2015 14:20,0.01,NA
9/29/2015 19:05,NA,0.2
9/29/2015 19:20,0.04,NA
9/29/2015 19:35,0.5,NA
9/29/2015 19:50,0.24,NA
9/29/2015 20:05,NA,0.58
9/29/2015 23:05,0.01,0.01
9/29/2015 23:50,0.01,NA
9/30/2015 0:05,0.01,0.02
9/30/2015 2:05,0.01,0.01
9/30/2015 3:50,0.01,NA
9/30/2015 4:05,NA,0.01
10/1/2015 22:35,0.04,NA
10/1/2015 22:50,0.01,NA
10/1/2015 23:05,0.02,0.07
10/1/2015 23:35,0.01,NA
10/2/2015 0:05,NA,0.01
10/2/2015 1:05,0.01,0.29
10/2/2015 1:20,0.11,NA
10/2/2015 1:35,0.33,NA
10/2/2015 1:50,0.16,NA
10/2/2015 2:05,0.08,0.47
10/2/2015 2:20,0.06,NA
10/2/2015 2:35,0.02,NA
10/2/2015 2:50,0.02,NA
10/2/2015 3:05,0.04,0.11
10/2/2015 3:20,0.02,NA
10/2/2015 3:35,0.06,NA
10/2/2015 3:50,0.02,NA
10/2/2015 4:05,0.01,0.09
10/2/2015 4:20,0.02,NA
10/2/2015 6:35,0.03,NA
10/2/2015 6:50,0.01,NA
10/2/2015 7:05,NA,0.05
10/2/2015 7:20,0.01,NA
10/2/2015 8:05,NA,0.01
10/2/2015 8:20,0.01,NA
10/2/2015 11:05,NA,0.02
10/2/2015 11:20,0.01,NA
10/2/2015 11:35,0.02,NA
10/2/2015 12:05,NA,0.01
10/2/2015 15:05,NA,0.01
10/2/2015 15:35,0.01,NA
10/2/2015 16:05,NA,0.01
10/2/2015 16:20,0.01,NA
10/2/2015 17:50,0.01,NA
10/2/2015 18:05,NA,0.01
10/2/2015 18:50,0.02,NA
10/2/2015 19:05,0.01,0.05
10/2/2015 19:20,0.01,NA
10/2/2015 19:35,0.03,NA
10/2/2015 19:50,0.01,NA
10/2/2015 20:05,NA,0.03
10/2/2015 21:05,0.03,0.09
10/2/2015 21:20,0.04,NA
10/2/2015 21:35,0.04,NA
10/2/2015 21:50,0.02,NA
10/2/2015 22:05,0.06,0.14
10/2/2015 22:20,0.03,NA
10/2/2015 22:35,0.02,NA
10/2/2015 22:50,0.02,NA
10/2/2015 23:05,0.03,0.11
10/2/2015 23:20,0.04,NA
10/2/2015 23:35,0.09,NA
10/2/2015 23:50,0.08,NA
10/3/2015 0:05,0.07,0.33
10/3/2015 0:20,0.08,NA
10/3/2015 0:35,0.07,NA
10/3/2015 0:50,0.05,NA
10/3/2015 1:05,0.07,0.24
10/3/2015 1:20,0.05,NA
10/3/2015 1:35,0.08,NA
10/3/2015 1:50,0.05,NA
10/3/2015 2:05,0.06,0.26
10/3/2015 2:20,0.06,NA
10/3/2015 2:35,0.07,NA
10/3/2015 2:50,0.04,NA
10/3/2015 3:05,0.02,0.11
10/3/2015 3:20,0.01,NA
10/3/2015 3:50,0.01,NA
10/3/2015 4:05,0.01,0.02
10/3/2015 4:50,0.01,NA
10/3/2015 5:05,0.01,0.06
10/3/2015 5:20,0.03,NA
10/3/2015 5:35,0.04,NA
10/3/2015 5:50,0.02,NA
10/3/2015 6:05,0.03,0.26
10/3/2015 6:20,0.1,NA
10/3/2015 6:35,0.28,NA
10/3/2015 6:50,0.05,NA
10/3/2015 7:05,0.04,0.33
10/3/2015 7:20,0.03,NA
10/3/2015 7:35,0.08,NA
10/3/2015 7:50,0.17,NA
10/3/2015 8:05,0.1,0.37
10/3/2015 8:20,0.03,NA
10/3/2015 8:35,0.01,NA
10/3/2015 9:05,NA,0.01
10/3/2015 12:35,0.01,NA
10/3/2015 13:05,NA,0.01
10/3/2015 15:05,NA,0.01
10/3/2015 15:20,0.01,NA
10/3/2015 15:35,0.01,NA
10/3/2015 16:05,0.01,0.02
10/4/2015 3:05,0.01,0.01
10/5/2015 17:05,NA,0.01
10/5/2015 17:35,0.01,NA
10/5/2015 17:50,0.01,NA
10/5/2015 18:05,NA,0.02
10/5/2015 18:20,0.01,NA
10/5/2015 19:05,NA,0.01
10/5/2015 19:35,0.01,NA
10/10/2015 7:05,0.03,0.04
10/10/2015 7:20,0.01,NA
10/10/2015 8:35,0.01,NA
10/10/2015 8:50,0.02,NA
10/10/2015 9:05,0.02,0.08
10/10/2015 9:20,0.03,NA
10/10/2015 9:35,0.02,NA
10/10/2015 9:50,0.02,NA
10/10/2015 10:05,0.02,0.07
10/10/2015 10:20,0.01,NA
10/10/2015 10:50,0.01,NA
10/10/2015 11:05,0.01,0.04
10/10/2015 11:20,0.01,NA
10/10/2015 11:35,0.01,NA
10/10/2015 11:50,0.03,NA
10/10/2015 12:05,0.02,0.08
10/10/2015 12:20,0.02,NA
10/10/2015 12:35,0.02,NA
10/10/2015 12:50,0.02,NA
10/10/2015 13:05,0.02,0.07
10/10/2015 13:20,0.01,NA
10/10/2015 13:35,0.03,NA
10/10/2015 13:50,0.07,NA
10/10/2015 14:05,0.02,0.14
10/10/2015 14:20,0.02,NA
10/10/2015 14:35,0.02,NA
10/10/2015 14:50,0.02,NA
10/10/2015 15:05,0.03,0.07
10/10/2015 15:20,0.01,NA
10/10/2015 15:35,0.01,NA
10/10/2015 16:05,NA,0.03
10/10/2015 16:20,0.01,NA
10/10/2015 16:35,0.02,NA
10/10/2015 16:50,0.03,NA
10/10/2015 17:05,0.01,0.07
10/10/2015 17:20,0.02,NA
10/10/2015 18:05,0.01,0.01
10/10/2015 18:35,0.01,NA
10/10/2015 19:05,0.02,0.07
10/10/2015 19:20,0.03,NA
10/10/2015 19:35,0.01,NA
10/10/2015 19:50,0.01,NA
10/10/2015 20:05,0.02,0.13
10/10/2015 20:20,0.1,NA
10/10/2015 20:35,0.01,NA
10/10/2015 20:50,0.02,NA
10/10/2015 21:05,0.06,0.16
10/10/2015 21:20,0.05,NA
10/10/2015 21:35,0.03,NA
10/10/2015 22:05,NA,0.01
10/10/2015 23:35,0.01,NA
10/11/2015 0:05,NA,0.01
10/27/2015 1:05,0.01,0.01
10/27/2015 2:05,0.01,0.02
10/27/2015 2:20,0.01,NA
10/27/2015 2:50,0.01,NA
10/27/2015 3:05,0.02,0.07
10/27/2015 3:20,0.02,NA
10/27/2015 3:35,0.03,NA
10/27/2015 4:05,NA,0.01
10/27/2015 8:05,NA,0.02
10/27/2015 8:20,0.01,NA
10/27/2015 8:35,0.01,NA
10/27/2015 10:05,NA,0.03
10/27/2015 10:20,0.02,NA
10/27/2015 10:35,0.05,NA
10/27/2015 10:50,0.01,NA
10/27/2015 11:05,0.01,0.07
10/27/2015 11:20,0.01,NA
10/27/2015 11:50,0.01,NA
10/27/2015 12:05,0.03,0.06
10/27/2015 12:20,0.01,NA
10/27/2015 12:35,0.02,NA
10/27/2015 13:05,NA,0.01
10/27/2015 14:05,0.01,0.03
10/27/2015 14:20,0.01,NA
10/27/2015 14:35,0.01,NA
10/27/2015 14:50,0.02,NA
10/27/2015 15:05,NA,0.03
10/27/2015 15:35,0.01,NA
10/27/2015 15:50,0.02,NA
10/27/2015 16:05,0.01,0.04
10/27/2015 16:20,0.01,NA
10/27/2015 16:35,0.01,NA
10/27/2015 16:50,0.01,NA
10/27/2015 17:05,0.04,0.08
10/27/2015 17:20,0.02,NA
10/27/2015 17:50,0.01,NA
10/27/2015 18:05,0.01,0.03
10/27/2015 18:35,0.01,NA
10/27/2015 19:05,0.01,0.03
10/27/2015 19:20,0.01,NA
10/27/2015 19:35,0.01,NA
10/27/2015 19:50,0.02,NA
10/27/2015 20:05,0.01,0.05
10/27/2015 20:20,0.01,NA
10/27/2015 20:35,0.03,NA
10/27/2015 20:50,0.06,NA
10/27/2015 21:05,0.04,0.15
10/27/2015 21:20,0.02,NA
10/27/2015 21:35,0.04,NA
10/27/2015 21:50,0.03,NA
10/27/2015 22:05,0.01,0.07
10/27/2015 22:35,0.01,NA
10/27/2015 22:50,0.02,NA
10/27/2015 23:05,0.02,0.06
10/27/2015 23:35,0.01,NA
10/27/2015 23:50,0.01,NA
10/28/2015 0:05,0.01,0.02
10/28/2015 0:35,0.03,NA
10/28/2015 0:50,0.01,NA
10/28/2015 1:05,0.01,0.05
10/28/2015 5:05,0.01,0.01
10/28/2015 5:35,0.01,NA
10/28/2015 5:50,0.03,NA
10/28/2015 6:05,0.01,0.09
10/28/2015 6:20,0.03,NA
10/28/2015 6:35,0.01,NA
10/28/2015 6:50,0.01,NA
10/28/2015 7:05,NA,0.02
10/28/2015 7:20,0.01,NA
10/28/2015 10:50,0.01,NA
10/28/2015 11:05,0.01,0.02
10/28/2015 12:05,NA,0.01
10/28/2015 12:20,0.01,NA
10/28/2015 12:35,0.01,NA
10/28/2015 13:05,NA,0.01
10/28/2015 16:05,0.01,0.01
10/28/2015 19:50,0.04,NA
10/28/2015 20:05,0.02,0.06
10/29/2015 1:05,0.01,0.01
10/30/2015 7:35,0.01,NA
10/30/2015 8:05,NA,0.01
11/1/2015 7:50,0.01,NA
11/1/2015 8:05,NA,0.02
11/1/2015 8:20,0.01,NA
11/1/2015 8:35,0.01,NA
11/1/2015 9:05,NA,0.03
11/1/2015 9:20,0.01,NA
11/1/2015 9:35,0.01,NA
11/1/2015 9:50,0.01,NA
11/1/2015 10:05,NA,0.01
11/1/2015 12:50,0.01,NA
11/1/2015 13:05,NA,0.01
11/1/2015 14:05,NA,0.01
11/1/2015 14:20,0.01,NA
11/1/2015 14:50,0.01,NA
11/1/2015 15:05,NA,0.01
11/1/2015 17:05,NA,0.01
11/1/2015 17:20,0.01,NA
11/1/2015 17:35,0.01,NA
11/1/2015 17:50,0.02,NA
11/1/2015 18:05,NA,0.05
11/1/2015 18:20,0.01,NA
11/1/2015 18:35,0.02,NA
11/1/2015 19:05,0.01,0.02
11/1/2015 19:50,0.01,NA
11/1/2015 20:05,0.02,0.03
11/1/2015 21:35,0.01,NA
11/1/2015 21:50,0.01,NA
11/1/2015 22:05,NA,0.03
11/1/2015 22:20,0.01,NA
11/1/2015 23:05,0.02,0.03
11/1/2015 23:35,0.01,NA
11/1/2015 23:50,0.01,NA
11/2/2015 0:05,0.01,0.03
11/2/2015 0:20,0.01,NA
11/2/2015 0:35,0.01,NA
11/2/2015 0:50,0.02,NA
11/2/2015 1:05,0.01,0.06
11/2/2015 1:20,0.01,NA
11/2/2015 1:35,0.01,NA
11/2/2015 2:05,0.01,0.01
11/2/2015 3:05,0.02,0.05
11/2/2015 3:20,0.02,NA
11/2/2015 3:35,0.02,NA
11/2/2015 3:50,0.01,NA
11/2/2015 4:05,0.01,0.07
11/2/2015 4:20,0.03,NA
11/2/2015 4:35,0.03,NA
11/2/2015 4:50,0.02,NA
11/2/2015 5:05,0.03,0.15
11/2/2015 5:20,0.05,NA
11/2/2015 5:35,0.06,NA
11/2/2015 5:50,0.09,NA
11/2/2015 6:05,0.06,0.21
11/2/2015 6:20,0.02,NA
11/2/2015 6:35,0.02,NA
11/2/2015 6:50,0.16,NA
11/2/2015 7:05,0.16,0.48
11/2/2015 7:20,0.13,NA
11/2/2015 7:35,0.11,NA
11/2/2015 7:50,0.08,NA
11/2/2015 8:05,0.07,0.33
11/2/2015 8:20,0.07,NA
11/2/2015 8:35,0.14,NA
11/2/2015 8:50,0.1,NA
11/2/2015 9:05,0.05,0.34
11/2/2015 9:20,0.04,NA
11/2/2015 9:35,0.07,NA
11/2/2015 9:50,0.05,NA
11/2/2015 10:05,0.05,0.22
11/2/2015 10:20,0.06,NA
11/2/2015 10:35,0.08,NA
11/2/2015 10:50,0.08,NA
11/2/2015 11:05,0.03,0.24
11/2/2015 11:20,0.06,NA
11/2/2015 11:35,0.03,NA
11/2/2015 11:50,0.01,NA
11/2/2015 12:05,0.01,0.06
11/2/2015 12:20,0.01,NA
11/2/2015 12:35,0.01,NA
11/2/2015 12:50,0.03,NA
11/2/2015 13:05,0.02,0.09
11/2/2015 13:20,0.03,NA
11/2/2015 13:35,0.02,NA
11/2/2015 13:50,0.01,NA
11/2/2015 14:05,0.02,0.06
11/2/2015 14:20,0.01,NA
11/2/2015 14:35,0.03,NA
11/2/2015 14:50,0.02,NA
11/2/2015 15:05,0.03,0.09
11/2/2015 15:20,0.02,NA
11/2/2015 15:50,0.01,NA
11/2/2015 16:05,NA,0.01
11/2/2015 16:35,0.01,NA
11/2/2015 17:05,0.01,0.02
11/2/2015 17:50,0.02,NA
11/2/2015 18:05,NA,0.03
11/2/2015 18:20,0.01,NA
11/2/2015 18:35,0.01,NA
11/2/2015 18:50,0.02,NA
11/2/2015 19:05,NA,0.03
11/2/2015 19:50,0.01,NA
11/2/2015 20:05,NA,0.01
11/2/2015 21:05,0.01,0.04
11/2/2015 21:20,0.03,NA
11/2/2015 21:35,0.02,NA
11/2/2015 21:50,0.11,NA
11/2/2015 22:05,0.12,0.3
11/2/2015 22:20,0.04,NA
11/2/2015 22:35,0.02,NA
11/2/2015 22:50,0.02,NA
11/2/2015 23:05,NA,0.04
11/2/2015 23:20,0.01,NA
11/3/2015 1:05,0.01,0.01
11/3/2015 3:50,0.01,NA
11/3/2015 4:05,NA,0.01
11/3/2015 9:05,NA,0.01
11/3/2015 9:20,0.01,NA
11/4/2015 2:50,0.01,NA
11/4/2015 3:05,NA,0.01
11/6/2015 10:05,0.01,0.02
11/6/2015 10:20,0.01,NA
11/6/2015 10:35,0.03,NA
11/6/2015 10:50,0.03,NA
11/6/2015 11:05,0.06,0.16
11/6/2015 11:20,0.04,NA
11/6/2015 11:35,0.01,NA
11/6/2015 12:05,NA,0.01
11/7/2015 6:05,0.03,0.38
11/7/2015 6:20,0.24,NA
11/7/2015 6:35,0.23,NA
11/7/2015 6:50,0.31,NA
11/7/2015 7:05,0.11,0.58
11/7/2015 7:20,0.04,NA
11/7/2015 8:05,0.04,0.05
11/7/2015 8:35,0.01,NA
11/7/2015 9:35,0.02,NA
11/7/2015 9:50,0.01,NA
11/7/2015 10:05,NA,0.04
11/7/2015 10:20,0.01,NA
11/7/2015 12:05,NA,0.01
11/7/2015 12:20,0.01,NA
11/7/2015 12:35,0.01,NA
11/7/2015 13:05,NA,0.01
11/8/2015 21:50,0.01,NA
11/8/2015 22:05,NA,0.01
11/8/2015 22:50,0.01,NA
11/8/2015 23:05,NA,0.01
11/9/2015 1:35,0.01,NA
11/9/2015 2:05,0.03,0.1
11/9/2015 2:20,0.05,NA
11/9/2015 2:35,0.03,NA
11/9/2015 2:50,0.04,NA
11/9/2015 3:05,0.02,0.1
11/9/2015 3:20,0.01,NA
11/9/2015 3:35,0.01,NA
11/9/2015 3:50,0.01,NA
11/9/2015 4:05,NA,0.01
11/9/2015 4:50,0.01,NA
11/9/2015 5:05,0.01,0.05
11/9/2015 5:20,0.02,NA
11/9/2015 5:35,0.04,NA
11/9/2015 5:50,0.07,NA
11/9/2015 6:05,0.06,0.26
11/9/2015 6:20,0.07,NA
11/9/2015 6:35,0.07,NA
11/9/2015 6:50,0.03,NA
11/9/2015 7:05,0.05,0.16
11/9/2015 7:20,0.04,NA
11/9/2015 7:35,0.02,NA
11/9/2015 7:50,0.07,NA
11/9/2015 8:05,0.04,0.18
11/9/2015 8:20,0.04,NA
11/9/2015 8:35,0.01,NA
11/9/2015 8:50,0.01,NA
11/9/2015 9:05,NA,0.04
11/9/2015 9:20,0.01,NA
11/9/2015 9:35,0.04,NA
11/9/2015 9:50,0.01,NA
11/9/2015 10:05,0.04,0.1
11/9/2015 10:20,0.02,NA
11/9/2015 10:35,0.03,NA
11/9/2015 10:50,0.02,NA
11/9/2015 11:05,0.01,0.1
11/9/2015 11:20,0.04,NA
11/9/2015 11:35,0.03,NA
11/9/2015 11:50,0.03,NA
11/9/2015 12:05,0.02,0.13
11/9/2015 12:20,0.05,NA
11/9/2015 12:35,0.05,NA
11/9/2015 12:50,0.06,NA
11/9/2015 13:05,0.02,0.14
11/9/2015 13:20,0.02,NA
11/9/2015 13:35,0.01,NA
11/9/2015 13:50,0.01,NA
11/9/2015 14:05,NA,0.03
11/9/2015 14:20,0.01,NA
11/9/2015 14:35,0.01,NA
11/9/2015 14:50,0.07,NA
11/9/2015 15:05,0.01,0.1
11/9/2015 15:20,0.01,NA
11/9/2015 15:35,0.01,NA
11/9/2015 15:50,0.08,NA
11/9/2015 16:05,0.02,0.18
11/9/2015 16:20,0.06,NA
11/9/2015 16:35,0.01,NA
11/9/2015 16:50,0.01,NA
11/9/2015 17:05,NA,0.02
11/9/2015 17:20,0.01,NA
11/9/2015 18:05,NA,0.01
11/9/2015 18:20,0.01,NA
11/10/2015 0:50,0.01,NA
11/10/2015 1:05,NA,0.22
11/10/2015 1:20,0.02,NA
11/10/2015 1:35,0.37,NA
11/10/2015 1:50,0.01,NA
11/10/2015 2:05,0.01,0.2
11/10/2015 2:35,0.01,NA
11/10/2015 3:05,0.01,0.02
11/10/2015 3:50,0.01,NA
11/10/2015 4:05,0.01,0.02
11/10/2015 5:05,0.01,0.01
11/18/2015 19:05,NA,0.02
11/18/2015 19:20,0.02,NA
11/18/2015 19:35,0.01,NA
11/18/2015 20:05,NA,0.01
11/18/2015 21:05,NA,0.03
11/18/2015 21:20,0.01,NA
11/18/2015 21:35,0.08,NA
11/18/2015 21:50,0.06,NA
11/18/2015 22:05,0.07,0.34
11/18/2015 22:20,0.1,NA
11/18/2015 22:35,0.13,NA
11/18/2015 22:50,0.1,NA
11/18/2015 23:05,0.06,0.3
11/18/2015 23:20,0.04,NA
11/18/2015 23:35,0.04,NA
11/18/2015 23:50,0.01,NA
11/19/2015 0:05,NA,0.05
11/19/2015 0:20,0.01,NA
11/19/2015 0:35,0.23,NA
11/19/2015 0:50,0.24,NA
11/19/2015 1:05,0.08,0.67
11/19/2015 1:20,0.09,NA
11/19/2015 1:35,0.08,NA
11/19/2015 1:50,0.07,NA
11/19/2015 2:05,0.05,0.22
11/19/2015 2:20,0.05,NA
11/19/2015 2:35,0.01,NA
11/19/2015 3:05,NA,0.04
11/19/2015 3:35,0.15,NA
11/19/2015 3:50,0.01,NA
11/19/2015 4:05,NA,0.13
11/19/2015 4:20,0.01,NA
11/19/2015 5:05,NA,0.01
11/19/2015 5:35,0.01,NA
11/19/2015 6:35,0.01,NA
11/19/2015 6:50,0.01,NA
11/19/2015 7:05,NA,0.04
11/19/2015 7:20,0.02,NA
11/19/2015 7:35,0.06,NA
11/19/2015 7:50,0.01,NA
11/19/2015 8:05,NA,0.07
11/19/2015 10:05,NA,0.01
11/19/2015 10:20,0.01,NA
11/29/2015 20:05,NA,0.01
11/29/2015 20:20,0.01,NA
11/29/2015 20:35,0.01,NA
11/29/2015 21:05,NA,0.01
11/29/2015 21:35,0.01,NA
11/29/2015 21:50,0.02,NA
11/29/2015 22:05,0.02,0.07
11/29/2015 22:20,0.01,NA
11/29/2015 22:35,0.01,NA
11/29/2015 23:05,0.01,0.02
11/29/2015 23:20,0.01,NA
11/30/2015 0:05,0.02,0.03
11/30/2015 0:20,0.01,NA
11/30/2015 1:05,0.02,0.06
11/30/2015 1:20,0.03,NA
11/30/2015 1:35,0.02,NA
11/30/2015 1:50,0.02,NA
11/30/2015 2:05,0.02,0.09
11/30/2015 2:20,0.03,NA
11/30/2015 2:35,0.03,NA
11/30/2015 2:50,0.02,NA
11/30/2015 3:05,0.01,0.07
11/30/2015 3:20,0.02,NA
11/30/2015 3:35,0.02,NA
11/30/2015 3:50,0.03,NA
11/30/2015 4:05,0.03,0.13
11/30/2015 4:20,0.03,NA
11/30/2015 4:35,0.04,NA
11/30/2015 4:50,0.04,NA
11/30/2015 5:05,0.03,0.14
11/30/2015 5:20,0.04,NA
11/30/2015 5:35,0.03,NA
11/30/2015 5:50,0.07,NA
11/30/2015 6:05,0.04,0.19
11/30/2015 6:20,0.03,NA
11/30/2015 6:35,0.06,NA
11/30/2015 6:50,0.04,NA
11/30/2015 7:05,0.02,0.12
11/30/2015 7:20,0.02,NA
11/30/2015 7:35,0.02,NA
11/30/2015 7:50,0.01,NA
11/30/2015 8:05,0.02,0.13
11/30/2015 8:20,0.08,NA
11/30/2015 8:35,0.05,NA
11/30/2015 8:50,0.04,NA
11/30/2015 9:05,0.06,0.2
11/30/2015 9:20,0.05,NA
11/30/2015 9:35,0.02,NA
11/30/2015 9:50,0.01,NA
11/30/2015 10:05,0.01,0.05
11/30/2015 10:20,0.02,NA
11/30/2015 10:35,0.04,NA
11/30/2015 10:50,0.01,NA
11/30/2015 11:05,0.04,0.12
11/30/2015 11:20,0.02,NA
11/30/2015 11:35,0.01,NA
11/30/2015 11:50,0.02,NA
11/30/2015 12:05,0.02,0.05
11/30/2015 12:20,0.01,NA
11/30/2015 12:35,0.01,NA
11/30/2015 13:05,NA,0.01
11/30/2015 14:35,0.01,NA
11/30/2015 15:05,NA,0.01
11/30/2015 21:05,NA,0.01
11/30/2015 21:20,0.01,NA
11/30/2015 21:50,0.01,NA
11/30/2015 22:05,NA,0.01
12/1/2015 6:05,NA,0.01
12/1/2015 6:20,0.01,NA
12/1/2015 18:05,NA,0.01
12/1/2015 18:20,0.01,NA
12/1/2015 18:35,0.01,NA
12/1/2015 19:05,NA,0.01
12/1/2015 21:05,NA,0.01
12/1/2015 21:35,0.01,NA
12/2/2015 4:50,0.03,NA
12/2/2015 5:05,NA,0.03
12/2/2015 10:05,0.01,0.01
12/2/2015 10:50,0.01,NA
12/2/2015 11:05,0.01,0.04
12/2/2015 11:20,0.01,NA
12/2/2015 11:35,0.01,NA
12/14/2015 11:05,NA,0.01
12/14/2015 11:20,0.01,NA
12/14/2015 14:05,0.01,0.01
12/14/2015 15:50,0.04,NA
12/14/2015 16:05,0.06,0.1
12/17/2015 0:35,0.01,NA
12/17/2015 1:05,0.02,0.07
12/17/2015 1:20,0.03,NA
12/17/2015 1:35,0.03,NA
12/17/2015 1:50,0.01,NA
12/17/2015 2:05,0.02,0.1
12/17/2015 2:20,0.03,NA
12/17/2015 2:35,0.04,NA
12/17/2015 2:50,0.01,NA
12/17/2015 3:05,0.03,0.06
12/17/2015 3:35,0.01,NA
12/17/2015 3:50,0.02,NA
12/17/2015 4:05,NA,0.04
12/17/2015 4:20,0.01,NA
12/17/2015 4:35,0.01,NA
12/17/2015 5:05,NA,0.01
12/17/2015 5:35,0.03,NA
12/17/2015 5:50,0.04,NA
12/17/2015 6:05,0.01,0.08
12/17/2015 7:35,0.01,NA
12/17/2015 7:50,0.11,NA
12/17/2015 8:05,0.04,0.22
12/17/2015 8:20,0.05,NA
12/17/2015 8:35,0.02,NA
12/17/2015 8:50,0.07,NA
12/17/2015 9:05,0.2,0.33
12/17/2015 9:20,0.05,NA
12/17/2015 9:35,0.02,NA
12/17/2015 10:05,NA,0.04
12/17/2015 10:20,0.02,NA
12/17/2015 10:35,0.01,NA
12/17/2015 11:05,0.03,0.18
12/17/2015 11:20,0.13,NA
12/17/2015 11:35,0.05,NA
12/17/2015 11:50,0.01,NA
12/17/2015 12:05,0.03,0.1
12/17/2015 12:20,0.01,NA
12/17/2015 12:35,0.02,NA
12/17/2015 13:05,NA,0.02
12/17/2015 13:20,0.01,NA
12/22/2015 1:05,NA,0.01
12/22/2015 1:20,0.01,NA
12/22/2015 1:35,0.01,NA
12/22/2015 1:50,0.01,NA
12/22/2015 2:05,0.01,0.05
12/22/2015 2:20,0.02,NA
12/22/2015 2:35,0.01,NA
12/22/2015 2:50,0.02,NA
12/22/2015 3:05,0.03,0.14
12/22/2015 3:20,0.06,NA
12/22/2015 3:35,0.1,NA
12/22/2015 3:50,0.13,NA
12/22/2015 4:05,0.12,0.56
12/22/2015 4:20,0.1,NA
12/22/2015 4:35,0.42,NA
12/22/2015 4:50,0.3,NA
12/22/2015 5:05,0.26,0.98
12/22/2015 5:20,0.1,NA
12/22/2015 5:35,0.07,NA
12/22/2015 5:50,0.05,NA
12/22/2015 6:05,0.01,0.13
12/22/2015 6:20,0.02,NA
12/22/2015 6:35,0.01,NA
12/22/2015 7:05,NA,0.02
12/22/2015 7:20,0.01,NA
12/22/2015 7:35,0.02,NA
12/22/2015 8:05,NA,0.01
12/23/2015 0:05,NA,0.01
12/23/2015 0:20,0.01,NA
12/23/2015 2:05,NA,0.01
12/23/2015 2:20,0.01,NA
12/23/2015 4:05,NA,0.01
12/23/2015 4:20,0.01,NA
12/23/2015 8:05,NA,0.03
12/23/2015 8:20,0.03,NA
12/23/2015 8:35,0.01,NA
12/23/2015 9:05,NA,0.04
12/23/2015 9:20,0.03,NA
12/23/2015 9:35,0.02,NA
12/23/2015 9:50,0.03,NA
12/23/2015 10:05,0.07,0.28
12/23/2015 10:20,0.14,NA
12/23/2015 10:35,0.05,NA
12/23/2015 10:50,0.11,NA
12/23/2015 11:05,0.23,0.38
12/23/2015 11:20,0.01,NA
12/23/2015 12:05,NA,0.11
12/23/2015 12:20,0.04,NA
12/23/2015 12:35,0.16,NA
12/23/2015 12:50,0.01,NA
12/23/2015 13:05,NA,0.1
12/23/2015 13:35,0.01,NA
12/23/2015 14:05,NA,0.15
12/23/2015 14:20,0.04,NA
12/23/2015 14:35,0.36,NA
12/23/2015 14:50,0.08,NA
12/23/2015 15:05,0.17,0.58
12/23/2015 15:20,0.07,NA
12/23/2015 17:05,0.01,0.01
12/23/2015 17:35,0.01,NA
12/23/2015 18:05,NA,0.01
12/23/2015 20:50,0.01,NA
12/23/2015 21:05,0.01,0.02
12/23/2015 21:35,0.03,NA
12/23/2015 21:50,0.03,NA
12/23/2015 22:05,0.04,0.13
12/23/2015 22:20,0.03,NA
12/23/2015 22:35,0.02,NA
12/23/2015 22:50,0.06,NA
12/23/2015 23:05,0.03,0.11
12/23/2015 23:50,0.02,NA
12/24/2015 0:05,NA,0.05
12/24/2015 0:20,0.02,NA
12/24/2015 0:35,0.04,NA
12/24/2015 1:05,0.01,0.1
12/24/2015 1:20,0.06,NA
12/24/2015 2:35,0.01,NA
12/24/2015 3:05,NA,0.01
12/24/2015 6:05,NA,0.01
12/24/2015 6:35,0.01,NA
12/25/2015 2:05,0.01,0.01
12/25/2015 4:05,0.01,0.01
12/25/2015 5:05,0.01,0.01
12/25/2015 20:05,0.03,0.43
12/25/2015 20:20,0.32,NA
12/25/2015 20:35,0.3,NA
12/25/2015 20:50,0.09,NA
12/25/2015 21:05,0.01,0.32
12/27/2015 6:05,NA,0.01
12/27/2015 6:20,0.01,NA
12/27/2015 10:35,0.01,NA
12/27/2015 10:50,0.05,NA
12/27/2015 11:05,0.05,0.17
12/27/2015 11:20,0.04,NA
12/27/2015 11:35,0.04,NA
12/27/2015 11:50,0.01,NA
12/27/2015 12:05,NA,0.03
12/27/2015 14:35,0.01,NA
12/27/2015 14:50,0.01,NA
12/27/2015 15:05,NA,0.02
12/28/2015 18:05,0.01,0.06
12/28/2015 18:20,0.01,NA
12/28/2015 18:35,0.08,NA
12/28/2015 19:05,NA,0.04
12/28/2015 19:50,0.01,NA
12/28/2015 20:05,0.02,0.08
12/28/2015 20:20,0.05,NA
12/28/2015 20:35,0.02,NA
12/28/2015 21:05,NA,0.03
12/28/2015 21:20,0.01,NA
12/28/2015 23:50,0.01,NA
12/29/2015 0:05,NA,0.01
12/29/2015 0:50,0.01,NA
12/29/2015 1:05,NA,0.01
12/29/2015 1:35,0.01,NA
12/29/2015 1:50,0.02,NA
12/29/2015 2:05,0.01,0.05
12/29/2015 2:20,0.01,NA
12/29/2015 2:35,0.01,NA
12/29/2015 3:05,NA,0.02
12/29/2015 3:35,0.04,NA
12/29/2015 3:50,0.05,NA
12/29/2015 4:05,0.06,0.21
12/29/2015 4:20,0.06,NA
12/29/2015 4:35,0.03,NA
12/29/2015 4:50,0.03,NA
12/29/2015 5:05,0.09,0.14
12/29/2015 5:35,0.01,NA
12/29/2015 6:05,NA,0.03
12/29/2015 6:35,0.04,NA
12/29/2015 7:05,0.01,0.03
12/29/2015 7:50,0.01,NA
12/29/2015 8:05,NA,0.02
12/29/2015 8:20,0.01,NA
12/29/2015 8:35,0.01,NA
12/29/2015 9:05,NA,0.01
12/30/2015 5:50,0.01,NA
12/30/2015 6:05,NA,0.01
12/30/2015 7:50,0.12,NA
12/30/2015 8:05,0.09,0.21
12/30/2015 9:05,NA,0.26
12/30/2015 9:20,0.23,NA
12/30/2015 9:35,0.1,NA
12/30/2015 9:50,0.05,NA
12/30/2015 10:05,NA,0.12
12/30/2015 11:05,0.03,0.14
12/30/2015 11:20,0.05,NA
12/30/2015 11:35,0.13,NA
12/30/2015 11:50,0.09,NA
12/30/2015 12:05,0.09,0.4
12/30/2015 12:20,0.12,NA
12/30/2015 12:35,0.08,NA
12/30/2015 12:50,0.03,NA
12/30/2015 13:05,0.05,0.15
12/30/2015 13:20,0.02,NA
12/30/2015 13:35,0.02,NA
12/30/2015 13:50,0.03,NA
12/30/2015 14:05,0.05,0.14
12/30/2015 14:20,0.02,NA
12/30/2015 14:35,0.04,NA
12/30/2015 14:50,0.01,NA
12/30/2015 15:05,0.01,0.06
12/30/2015 15:20,0.02,NA
12/30/2015 15:35,0.01,NA
12/30/2015 16:05,NA,0.03
12/30/2015 16:20,0.01,NA
12/30/2015 16:35,0.03,NA
12/30/2015 16:50,0.04,NA
12/30/2015 17:05,0.03,0.09
12/30/2015 17:35,0.01,NA
12/30/2015 17:50,0.02,NA
12/30/2015 18:05,0.01,0.07
12/30/2015 18:20,0.02,NA
12/30/2015 18:35,0.02,NA
12/30/2015 18:50,0.01,NA
12/30/2015 19:05,0.01,0.03
12/30/2015 19:35,0.01,NA
12/30/2015 20:05,NA,0.01
12/31/2015 7:35,0.01,NA
12/31/2015 8:05,NA,0.01
12/31/2015 8:35,0.01,NA
12/31/2015 9:05,NA,0.02
12/31/2015 9:20,0.01,NA
12/31/2015 10:50,0.01,NA
12/31/2015 11:05,NA,0.02
12/31/2015 11:20,0.01,NA
12/31/2015 11:35,0.02,NA
12/31/2015 12:05,NA,0.02
12/31/2015 12:35,0.01,NA
12/31/2015 13:05,NA,0.02
12/31/2015 13:35,0.01,NA
12/31/2015 13:50,0.01,NA
12/31/2015 14:05,NA,0.02
12/31/2015 14:35,0.02,NA
12/31/2015 15:05,0.02,0.03
1/9/2016 18:05,0.01,0.03
1/9/2016 18:20,0.02,NA
1/9/2016 18:50,0.01,NA
1/9/2016 19:05,NA,0.01
1/9/2016 19:50,0.02,NA
1/9/2016 20:05,0.05,0.08
1/9/2016 20:20,0.01,NA
1/9/2016 20:50,0.04,NA
1/9/2016 21:05,0.01,0.05
1/10/2016 1:50,0.01,NA
1/10/2016 2:05,0.02,0.03
1/10/2016 3:05,0.01,0.01
1/15/2016 11:05,NA,0.01
1/15/2016 11:35,0.01,NA
1/15/2016 11:50,0.03,NA
1/15/2016 12:05,0.05,0.14
1/15/2016 12:20,0.05,NA
1/15/2016 12:35,0.06,NA
1/15/2016 12:50,0.06,NA
1/15/2016 13:05,0.04,0.18
1/15/2016 13:20,0.02,NA
1/15/2016 13:35,0.01,NA
1/15/2016 14:05,0.01,0.01
1/15/2016 14:35,0.02,NA
1/15/2016 14:50,0.03,NA
1/15/2016 15:05,0.02,0.09
1/15/2016 15:20,0.02,NA
1/15/2016 16:05,0.03,0.04
1/15/2016 16:20,0.01,NA
1/15/2016 16:35,0.01,NA
1/15/2016 16:50,0.07,NA
1/15/2016 17:05,0.07,0.2
1/15/2016 17:20,0.03,NA
1/15/2016 17:35,0.06,NA
1/15/2016 17:50,0.02,NA
1/15/2016 18:05,0.02,0.09
1/15/2016 18:20,0.01,NA
1/15/2016 18:35,0.02,NA
1/15/2016 18:50,0.01,NA
1/15/2016 19:05,NA,0.03
1/16/2016 0:50,0.01,NA
1/16/2016 1:05,NA,0.01
1/17/2016 9:05,NA,0.01
1/17/2016 9:20,0.01,NA
1/17/2016 10:05,0.01,0.01
1/27/2016 4:05,0.01,0.02
1/27/2016 4:20,0.01,NA
1/27/2016 4:50,0.01,NA
1/27/2016 5:05,NA,0.02
1/27/2016 5:20,0.01,NA
2/3/2016 7:05,NA,0.01
2/3/2016 7:20,0.01,NA
2/3/2016 12:05,NA,0.01
2/3/2016 12:35,0.24,NA
2/3/2016 12:50,0.16,NA
2/3/2016 13:05,0.07,0.52
2/3/2016 13:20,0.05,NA
2/3/2016 13:35,0.02,NA
2/3/2016 13:50,0.03,NA
2/3/2016 14:05,0.02,0.09
2/3/2016 14:20,0.03,NA
2/3/2016 14:35,0.02,NA
2/3/2016 14:50,0.03,NA
2/3/2016 15:05,0.03,0.1
2/3/2016 15:20,0.02,NA
2/3/2016 15:35,0.01,NA
2/3/2016 16:05,0.01,0.02
2/3/2016 16:35,0.01,NA
2/3/2016 17:05,NA,0.01
2/3/2016 18:05,NA,0.01
2/3/2016 18:35,0.01,NA
2/4/2016 13:35,0.01,NA
2/4/2016 14:05,NA,0.01
2/16/2016 19:50,0.01,NA
2/16/2016 20:05,NA,0.02
2/16/2016 20:20,0.01,NA
2/16/2016 20:35,0.01,NA
2/16/2016 21:05,NA,0.01
2/17/2016 1:05,0.01,0.01
2/22/2016 15:05,0.01,0.01
2/22/2016 15:50,0.03,NA
2/22/2016 16:05,0.02,0.05
2/22/2016 17:35,0.01,NA
2/22/2016 18:05,NA,0.08
2/22/2016 18:20,0.07,NA
2/22/2016 19:05,0.01,0.01
2/22/2016 19:50,0.1,NA
2/22/2016 20:05,0.05,0.18
2/22/2016 20:20,0.02,NA
2/22/2016 20:35,0.02,NA
2/22/2016 20:50,0.06,NA
2/22/2016 21:05,0.07,0.22
2/22/2016 21:20,0.06,NA
2/22/2016 21:35,0.05,NA
2/22/2016 21:50,0.04,NA
2/22/2016 22:05,0.06,0.17
2/22/2016 22:20,0.04,NA
2/22/2016 23:05,NA,0.01
2/22/2016 23:20,0.01,NA
2/22/2016 23:35,0.01,NA
2/22/2016 23:50,0.01,NA
2/23/2016 0:05,0.01,0.04
2/23/2016 0:35,0.04,NA
2/23/2016 0:50,0.01,NA
2/23/2016 1:05,NA,0.04
2/23/2016 1:35,0.01,NA
2/23/2016 1:50,0.02,NA
2/23/2016 2:05,0.08,0.13
2/23/2016 2:20,0.01,NA
2/23/2016 2:35,0.02,NA
2/23/2016 2:50,0.03,NA
2/23/2016 3:05,NA,0.04
2/23/2016 3:50,0.04,NA
2/23/2016 4:05,0.02,0.06
2/23/2016 4:50,0.01,NA
2/23/2016 5:05,NA,0.01
2/23/2016 5:50,0.01,NA
2/23/2016 6:05,NA,0.01
2/23/2016 9:35,0.01,NA
2/23/2016 10:05,NA,0.01
2/24/2016 1:05,NA,0.01
2/24/2016 1:20,0.01,NA
2/24/2016 2:50,0.15,NA
2/24/2016 3:05,NA,0.16
2/24/2016 3:20,0.01,NA
2/24/2016 5:05,NA,0.01
2/24/2016 5:35,0.01,NA
2/24/2016 7:35,0.01,NA
2/24/2016 7:50,0.01,NA
2/24/2016 8:05,NA,0.03
2/24/2016 8:20,0.01,NA
2/24/2016 12:50,0.32,NA
2/24/2016 13:05,0.14,0.49
2/24/2016 13:20,0.03,NA
3/1/2016 23:50,0.03,NA
3/2/2016 0:05,NA,0.03
3/3/2016 17:05,0.01,0.02
3/3/2016 17:20,0.01,NA
3/3/2016 17:50,0.01,NA
3/3/2016 18:05,NA,0.02
3/3/2016 18:35,0.01,NA
3/3/2016 19:05,0.01,0.01
3/13/2016 10:35,0.01,NA
3/13/2016 11:05,NA,0.01
3/13/2016 12:05,NA,0.01
3/13/2016 12:35,0.01,NA
3/13/2016 21:05,NA,0.01
3/13/2016 21:35,0.01,NA
3/14/2016 21:05,0.01,0.04
3/14/2016 21:20,0.03,NA
3/14/2016 21:35,0.01,NA
3/14/2016 21:50,0.02,NA
3/14/2016 22:05,0.02,0.05
3/15/2016 6:05,NA,0.01
3/15/2016 6:20,0.01,NA
3/19/2016 22:50,0.01,NA
3/19/2016 23:05,0.02,0.07
3/19/2016 23:20,0.04,NA
3/19/2016 23:50,0.01,NA
3/20/2016 0:05,NA,0.01
3/20/2016 20:05,NA,0.02
3/20/2016 20:20,0.01,NA
3/20/2016 20:35,0.01,NA
3/20/2016 20:50,0.02,NA
3/20/2016 21:05,0.03,0.05
3/20/2016 21:35,0.01,NA
3/20/2016 22:05,NA,0.02
3/20/2016 22:20,0.01,NA
3/26/2016 22:35,0.01,NA
3/26/2016 22:50,0.02,NA
3/26/2016 23:05,0.01,0.04
3/27/2016 2:05,0.01,0.02
3/27/2016 2:20,0.01,NA
3/27/2016 5:05,NA,0.01
3/27/2016 5:35,0.01,NA
3/27/2016 14:50,0.01,NA
3/27/2016 15:05,NA,0.03
3/27/2016 15:20,0.02,NA
3/27/2016 15:35,0.04,NA
3/27/2016 15:50,0.07,NA
3/27/2016 16:05,NA,0.11
3/27/2016 18:35,0.01,NA
3/27/2016 18:50,0.04,NA
3/27/2016 19:05,0.01,0.06
3/27/2016 19:35,0.01,NA
3/27/2016 20:05,0.01,0.03
3/27/2016 20:20,0.01,NA
3/27/2016 20:35,0.01,NA
3/27/2016 20:50,0.02,NA
3/27/2016 21:05,0.02,0.06
3/27/2016 21:20,0.01,NA
3/27/2016 21:50,0.01,NA
3/27/2016 22:05,0.01,0.04
3/27/2016 22:20,0.02,NA
3/28/2016 0:35,0.01,NA
3/28/2016 1:05,NA,0.12
3/28/2016 1:20,0.02,NA
3/28/2016 1:35,0.16,NA
3/28/2016 1:50,0.02,NA
3/28/2016 2:05,NA,0.09
3/28/2016 2:35,0.01,NA
3/28/2016 3:05,NA,0.02
3/28/2016 3:20,0.01,NA
3/31/2016 18:50,0.04,NA
3/31/2016 19:05,NA,0.07
3/31/2016 19:20,0.02,NA
3/31/2016 19:35,0.06,NA
3/31/2016 19:50,0.01,NA
3/31/2016 20:05,0.01,0.07
4/1/2016 4:05,NA,0.01
4/1/2016 4:20,0.01,NA
4/1/2016 4:35,0.01,NA
4/1/2016 4:50,0.02,NA
4/1/2016 5:05,0.01,0.05
4/1/2016 5:20,0.01,NA
4/1/2016 5:50,0.01,NA
4/1/2016 6:05,NA,0.01
4/1/2016 6:35,0.01,NA
4/1/2016 6:50,0.01,NA
4/1/2016 7:05,NA,0.04
4/1/2016 7:20,0.02,NA
4/1/2016 7:35,0.01,NA
4/1/2016 7:50,0.02,NA
4/1/2016 8:05,NA,0.05
4/1/2016 8:20,0.01,NA
4/1/2016 8:35,0.01,NA
4/1/2016 8:50,0.01,NA
4/1/2016 9:05,NA,0.01
4/2/2016 2:05,0.01,0.01
4/2/2016 7:05,0.02,0.06
4/2/2016 7:20,0.03,NA
4/2/2016 7:35,0.02,NA
4/2/2016 7:50,0.04,NA
4/2/2016 8:05,0.04,0.09
4/2/2016 8:35,0.01,NA
4/2/2016 8:50,0.03,NA
4/2/2016 9:05,0.06,0.1
4/7/2016 3:50,0.05,NA
4/7/2016 4:05,0.04,0.2
4/7/2016 4:20,0.1,NA
4/7/2016 4:35,0.02,NA
4/7/2016 4:50,0.01,NA
4/7/2016 5:05,0.02,0.04
4/11/2016 21:50,0.02,NA
4/11/2016 22:05,NA,0.02
4/12/2016 3:50,0.01,NA
4/12/2016 4:05,0.02,0.04
4/12/2016 4:20,0.01,NA
4/12/2016 4:50,0.01,NA
4/12/2016 5:05,NA,0.02
4/12/2016 5:20,0.01,NA
4/12/2016 5:35,0.01,NA
4/12/2016 5:50,0.01,NA
4/12/2016 6:05,NA,0.02
4/12/2016 9:05,0.01,0.01
4/12/2016 9:50,0.01,NA
4/12/2016 10:05,0.01,0.03
4/12/2016 10:20,0.01,NA
4/12/2016 11:05,NA,0.01
4/12/2016 11:20,0.01,NA
4/22/2016 7:05,0.02,0.04
4/22/2016 7:20,0.02,NA
4/22/2016 7:35,0.01,NA
4/22/2016 7:50,0.06,NA
4/22/2016 8:05,0.29,0.37
4/22/2016 8:20,0.01,NA
4/22/2016 9:05,NA,0.02
4/22/2016 9:20,0.01,NA
4/22/2016 9:35,0.01,NA
4/22/2016 19:05,NA,0.09
4/22/2016 19:20,0.08,NA
4/22/2016 19:35,0.01,NA
4/23/2016 2:50,0.01,NA
4/23/2016 3:05,NA,0.01
4/30/2016 20:05,0.1,0.32
4/30/2016 20:20,0.15,NA
4/30/2016 20:35,0.22,NA
4/30/2016 20:50,0.28,NA
4/30/2016 21:05,0.09,0.92
4/30/2016 21:20,0.38,NA
4/30/2016 21:35,0.04,NA
4/30/2016 21:50,0.01,NA
4/30/2016 22:05,NA,0.03
4/30/2016 22:35,0.01,NA
4/30/2016 22:50,0.01,NA
4/30/2016 23:05,0.01,0.04
4/30/2016 23:20,0.01,NA
5/1/2016 2:50,0.03,NA
5/1/2016 3:05,0.02,0.06
5/1/2016 3:20,0.01,NA
5/1/2016 7:35,0.02,NA
5/1/2016 7:50,0.04,NA
5/1/2016 8:05,0.04,0.19
5/1/2016 8:20,0.07,NA
5/1/2016 8:35,0.07,NA
5/1/2016 8:50,0.03,NA
5/1/2016 9:05,0.01,0.09
5/1/2016 9:35,0.01,NA
5/1/2016 10:05,NA,0.01
5/1/2016 19:50,0.14,NA
5/1/2016 20:05,0.04,0.19
5/1/2016 20:35,0.08,NA
5/1/2016 21:05,0.01,0.08
5/1/2016 22:05,0.01,0.01
5/2/2016 1:05,0.01,0.02
5/2/2016 1:20,0.01,NA
5/2/2016 1:50,0.03,NA
5/2/2016 2:05,0.01,0.04
5/2/2016 14:50,0.01,NA
5/2/2016 15:05,0.01,0.02
5/2/2016 15:50,0.02,NA
5/2/2016 16:05,NA,0.02
5/3/2016 1:05,NA,0.05
5/3/2016 1:20,0.04,NA
5/3/2016 1:35,0.01,NA
5/3/2016 1:50,0.05,NA
5/3/2016 2:05,0.08,0.26
5/3/2016 2:20,0.1,NA
5/3/2016 2:35,0.08,NA
5/3/2016 2:50,0.04,NA
5/3/2016 3:05,0.02,0.12
5/3/2016 3:20,0.01,NA
5/3/2016 3:35,0.01,NA
5/3/2016 4:05,0.01,0.02
5/3/2016 4:35,0.01,NA
5/3/2016 4:50,0.01,NA
5/3/2016 5:05,0.01,0.03
5/3/2016 5:50,0.01,NA
5/3/2016 6:05,NA,0.01
5/3/2016 16:35,0.03,NA
5/3/2016 16:50,0.13,NA
5/3/2016 17:05,NA,0.16
5/5/2016 22:05,NA,0.01
5/5/2016 22:20,0.01,NA
5/5/2016 22:50,0.02,NA
5/5/2016 23:05,0.02,0.05
5/5/2016 23:20,0.01,NA
5/5/2016 23:35,0.01,NA
5/5/2016 23:50,0.02,NA
5/6/2016 0:05,0.01,0.05
5/6/2016 0:20,0.01,NA
5/6/2016 0:50,0.01,NA
5/6/2016 1:05,0.01,0.04
5/6/2016 1:20,0.01,NA
5/6/2016 1:35,0.01,NA
5/6/2016 1:50,0.01,NA
5/6/2016 2:05,NA,0.01
5/6/2016 2:50,0.01,NA
5/6/2016 3:05,NA,0.01
5/12/2016 19:05,0.02,0.02
5/12/2016 19:35,0.03,NA
5/12/2016 19:50,0.32,NA
5/12/2016 20:05,0.1,0.45
5/12/2016 20:35,0.02,NA
5/12/2016 21:05,NA,0.06
5/12/2016 21:35,0.36,NA
5/12/2016 21:50,0.07,NA
5/12/2016 22:05,NA,0.39
5/12/2016 22:35,0.01,NA
5/12/2016 23:05,NA,0.01
5/17/2016 8:35,0.02,NA
5/17/2016 8:50,0.01,NA
5/17/2016 9:05,0.02,0.06
5/17/2016 9:20,0.01,NA
5/17/2016 9:50,0.01,NA
5/17/2016 10:05,NA,0.02
5/17/2016 10:20,0.01,NA
5/17/2016 10:35,0.01,NA
5/17/2016 10:50,0.02,NA
5/17/2016 11:05,0.05,0.18
5/17/2016 11:20,0.07,NA
5/17/2016 11:35,0.08,NA
5/17/2016 11:50,0.03,NA
5/17/2016 12:05,0.01,0.09
5/17/2016 16:05,NA,0.01
5/17/2016 16:20,0.01,NA
5/19/2016 3:05,0.04,0.07
5/19/2016 3:20,0.02,NA
5/19/2016 3:35,0.01,NA
5/19/2016 4:05,0.01,0.03
5/19/2016 4:20,0.02,NA
5/19/2016 5:05,0.01,0.14
5/19/2016 5:20,0.1,NA
5/19/2016 5:35,0.06,NA
5/19/2016 5:50,0.02,NA
5/19/2016 6:05,0.02,0.14
5/19/2016 6:20,0.02,NA
5/19/2016 6:35,0.06,NA
5/19/2016 6:50,0.03,NA
5/19/2016 7:05,0.05,0.1
5/19/2016 7:20,0.01,NA
5/19/2016 7:50,0.01,NA
5/19/2016 8:05,NA,0.01
5/19/2016 9:50,0.03,NA
5/19/2016 10:05,0.01,0.04
5/19/2016 12:05,0.01,0.01
5/19/2016 12:50,0.01,NA
5/19/2016 13:05,NA,0.01
5/20/2016 4:50,0.01,NA
5/20/2016 5:05,0.01,0.04
5/20/2016 5:20,0.02,NA
5/20/2016 5:35,0.02,NA
5/20/2016 5:50,0.02,NA
5/20/2016 6:05,NA,0.06
5/20/2016 6:20,0.01,NA
5/20/2016 6:35,0.01,NA
5/20/2016 7:05,0.01,0.01
5/20/2016 7:35,0.01,NA
5/20/2016 7:50,0.01,NA
5/20/2016 8:05,NA,0.05
5/20/2016 8:20,0.02,NA
5/20/2016 8:35,0.01,NA
5/20/2016 11:05,0.01,0.01
5/20/2016 12:50,0.01,NA
5/20/2016 13:05,NA,0.01
5/20/2016 14:05,NA,0.06
5/20/2016 14:20,0.04,NA
5/20/2016 14:35,0.06,NA
5/20/2016 14:50,0.02,NA
5/20/2016 15:05,0.02,0.08
5/20/2016 16:05,0.02,0.04
5/20/2016 16:20,0.01,NA
5/20/2016 16:35,0.01,NA
5/20/2016 17:05,0.02,0.04
5/20/2016 17:20,0.02,NA
5/20/2016 17:35,0.01,NA
5/20/2016 18:05,NA,0.01
5/20/2016 18:35,0.01,NA
5/20/2016 19:05,NA,0.02
5/20/2016 19:20,0.01,NA
5/20/2016 19:50,0.01,NA
5/20/2016 20:05,NA,0.02
5/20/2016 20:20,0.01,NA
5/20/2016 20:50,0.22,NA
5/20/2016 21:05,0.03,0.29
5/20/2016 21:20,0.03,NA
5/20/2016 21:35,0.01,NA
5/20/2016 21:50,0.01,NA
5/20/2016 22:05,0.07,0.14
5/20/2016 22:20,0.06,NA
5/20/2016 22:35,0.01,NA
5/20/2016 22:50,0.01,NA
5/20/2016 23:05,0.01,0.03
5/20/2016 23:35,0.01,NA
5/20/2016 23:50,0.01,NA
5/21/2016 0:05,0.03,0.08
5/21/2016 0:20,0.02,NA
5/21/2016 0:35,0.03,NA
5/21/2016 0:50,0.04,NA
5/21/2016 1:05,NA,0.07
5/21/2016 1:20,0.01,NA
5/21/2016 1:50,0.01,NA
5/21/2016 2:05,NA,0.01
5/21/2016 2:50,0.01,NA
5/21/2016 3:05,NA,0.02
5/21/2016 3:20,0.01,NA
5/21/2016 4:05,0.03,0.03
5/21/2016 19:50,0.36,NA
5/21/2016 20:05,0.13,0.5
5/21/2016 20:20,0.01,NA
5/21/2016 20:35,0.01,NA
5/21/2016 21:05,NA,0.01
5/29/2016 6:05,NA,0.03
5/29/2016 6:20,0.02,NA
5/29/2016 6:35,0.02,NA
5/29/2016 6:50,0.02,NA
5/29/2016 7:05,0.02,0.05
5/29/2016 7:35,0.01,NA
5/29/2016 8:05,NA,0.01
5/29/2016 8:50,0.01,NA
5/29/2016 9:05,0.03,0.17
5/29/2016 9:20,0.08,NA
5/29/2016 9:35,0.07,NA
5/29/2016 9:50,0.05,NA
5/29/2016 10:05,0.03,0.11
5/29/2016 10:20,0.01,NA
6/2/2016 15:35,0.3,NA
6/2/2016 15:50,0.78,NA
6/2/2016 16:05,0.36,1.48
6/2/2016 16:20,0.04,NA
6/2/2016 17:50,0.01,NA
6/2/2016 18:05,NA,0.01
6/4/2016 21:05,NA,0.49
6/4/2016 21:20,0.39,NA
6/4/2016 21:35,0.1,NA
6/5/2016 1:05,0.01,0.01
6/5/2016 21:50,0.01,NA
6/5/2016 22:05,0.06,0.12
6/5/2016 22:20,0.02,NA
6/5/2016 22:35,0.1,NA
6/5/2016 22:50,0.01,NA
6/5/2016 23:05,NA,0.08
6/6/2016 1:05,0.07,0.09
6/6/2016 1:20,0.02,NA
6/7/2016 2:05,NA,0.01
6/7/2016 2:20,0.01,NA
6/14/2016 20:05,0.61,1.36
6/14/2016 20:20,0.53,NA
6/14/2016 20:35,0.34,NA
6/14/2016 21:05,0.02,0.14
6/15/2016 2:05,NA,0.01
6/15/2016 2:20,0.01,NA
6/15/2016 17:05,0.27,0.43
6/15/2016 17:20,0.16,NA
6/15/2016 17:35,0.01,NA
6/15/2016 18:05,NA,0.01
6/17/2016 13:05,NA,0.01
6/17/2016 13:20,0.01,NA
6/27/2016 18:50,0.01,NA
6/27/2016 19:05,0.05,0.11
6/27/2016 19:20,0.03,NA
6/27/2016 19:35,0.06,NA
6/27/2016 19:50,0.04,NA
6/27/2016 20:05,0.03,0.14
6/27/2016 20:20,0.02,NA
6/27/2016 20:35,0.02,NA
6/27/2016 20:50,0.03,NA
6/27/2016 21:05,0.02,0.06
6/27/2016 23:35,0.01,NA
6/27/2016 23:50,0.04,NA
6/28/2016 0:05,0.02,0.09
6/28/2016 0:20,0.01,NA
6/28/2016 0:35,0.01,NA
6/29/2016 22:50,0.17,NA
6/29/2016 23:05,0.02,0.2
6/29/2016 23:20,0.01,NA
6/29/2016 23:50,0.01,NA
6/30/2016 0:05,NA,0.06
6/30/2016 0:20,0.05,NA
6/30/2016 1:05,0.08,0.08
6/30/2016 2:50,0.01,NA
6/30/2016 3:05,NA,0.05
6/30/2016 3:20,0.04,NA
7/4/2016 3:05,NA,0.05
7/4/2016 3:35,0.05,NA
7/5/2016 16:50,0.09,NA
7/5/2016 17:05,0.02,0.11
7/7/2016 16:35,0.03,NA
7/7/2016 17:05,NA,0.03
7/8/2016 20:50,0.03,NA
7/8/2016 21:05,0.23,0.27
7/8/2016 21:20,0.01,NA
7/11/2016 19:05,NA,0.01
7/11/2016 19:35,0.01,NA
7/15/2016 18:50,0.02,NA
7/15/2016 19:05,0.02,0.09
7/15/2016 19:20,0.04,NA
7/15/2016 19:35,0.01,NA
7/15/2016 20:35,0.01,NA
7/15/2016 21:05,NA,0.01
7/15/2016 21:50,0.07,NA
7/15/2016 22:05,0.04,0.12
7/15/2016 22:20,0.01,NA
7/16/2016 5:05,0.01,0.01
7/16/2016 17:05,NA,0.01
7/16/2016 17:35,0.17,NA
7/16/2016 17:50,0.67,NA
7/16/2016 18:05,0.04,0.91
7/16/2016 18:20,0.03,NA
7/16/2016 18:35,0.04,NA
7/16/2016 18:50,0.06,NA
7/16/2016 19:05,0.06,0.18
7/16/2016 19:20,0.02,NA
7/16/2016 19:35,0.01,NA
7/16/2016 20:05,NA,0.01
7/16/2016 20:20,0.01,NA
7/21/2016 15:05,0.43,0.46
7/21/2016 15:20,0.03,NA
7/21/2016 15:50,0.01,NA
7/21/2016 16:05,NA,0.01
7/26/2016 20:05,0.02,0.02
8/1/2016 17:50,0.16,NA
8/1/2016 18:05,0.09,0.26
8/1/2016 18:20,0.01,NA
8/2/2016 17:35,0.01,NA
8/2/2016 17:50,0.37,NA
8/2/2016 18:05,0.65,1.04
8/2/2016 18:20,0.01,NA
8/2/2016 18:35,0.01,NA
8/2/2016 19:05,NA,0.01
8/2/2016 21:35,0.01,NA
8/2/2016 22:05,NA,0.01
8/4/2016 20:35,0.04,NA
8/4/2016 20:50,0.31,NA
8/4/2016 21:05,0.01,0.38
8/4/2016 21:20,0.01,NA
8/4/2016 21:35,0.02,NA
8/4/2016 21:50,0.01,NA
8/4/2016 22:05,NA,0.02
8/5/2016 12:50,0.04,NA
8/5/2016 13:05,NA,0.04
8/5/2016 16:05,0.07,0.14
8/5/2016 16:20,0.06,NA
8/5/2016 16:35,0.02,NA
8/5/2016 17:05,0.01,0.05
8/5/2016 17:35,0.1,NA
8/5/2016 17:50,0.04,NA
8/5/2016 18:05,0.1,0.31
8/5/2016 18:20,0.09,NA
8/5/2016 18:35,0.02,NA
8/5/2016 18:50,0.01,NA
8/5/2016 19:05,NA,0.02
8/6/2016 1:50,0.01,NA
8/6/2016 2:05,NA,0.01
8/7/2016 12:50,0.02,NA
8/7/2016 13:05,0.32,0.54
8/7/2016 13:20,0.18,NA
8/7/2016 13:35,0.04,NA
8/7/2016 14:05,NA,0.02
8/7/2016 16:35,0.01,NA
8/7/2016 17:05,NA,0.01
8/8/2016 21:50,0.01,NA
8/8/2016 22:05,0.07,0.09
8/8/2016 22:20,0.01,NA
8/9/2016 15:05,NA,0.21
8/9/2016 15:20,0.1,NA
8/9/2016 15:35,0.11,NA
8/9/2016 17:05,0.02,0.04
8/9/2016 17:20,0.02,NA
8/9/2016 19:35,0.01,NA
8/9/2016 20:05,NA,0.01
8/10/2016 7:05,NA,0.01
8/10/2016 7:35,0.01,NA
8/10/2016 13:35,0.01,NA
8/10/2016 13:50,0.13,NA
8/10/2016 14:05,0.02,0.17
8/10/2016 14:20,0.01,NA
8/10/2016 14:35,0.01,NA
8/10/2016 15:05,NA,0.01
8/11/2016 15:35,0.01,NA
8/11/2016 16:05,NA,0.01
8/14/2016 16:50,0.03,NA
8/14/2016 17:05,0.01,0.04
8/17/2016 14:05,NA,0.08
8/17/2016 14:20,0.08,NA
8/17/2016 17:05,NA,0.03
8/17/2016 17:20,0.02,NA
8/17/2016 17:35,0.05,NA
8/17/2016 17:50,0.13,NA
8/17/2016 18:05,0.11,0.29
8/17/2016 18:20,0.01,NA
8/19/2016 18:05,0.01,0.02
,,
,,
,,
,,
,,
,,
,,
,,
,,
,,
,,
,,
,,
,,
,,
,,
,,
,,
,,
,,
,,
,,
,,
,,
,,
,,
,,
,,
,,
,,
,,
,,
,,
,,
,,
,,
,,
,,
,,
,,
,,
,,
,,
,,
,,
,,
,,
,,
,,
,,
,,
,,
,,
,,
,,
,,
,,
,,
,,
,,
,,
,,
,,
,,
,,
,,
,,
,,
,,
,,
,,
,,
,,
,,
,,
,,
,,
,,
,,
,,
,,
,,
,,
,,
,,
,,
,,
,,
,,
,,
,,
,,
,,
,,
,,
,,
,,
,,
,,
,,
,,
,,
,,
,,
,,
,,
,,
,,
,,
,,
,,
,,
,,
,,
,,
,,
,,
,,
,,
,,
,,
,,
,,
,,
,,
,,
,,
,,
,,
